Fuente y fecha	Año	Municipio código	Municipio nombre	Total edificios	Antes de 1950	1950-1959	1960-1969	1970-1979	1980-1989	1990-1999	2000-2009	2010 y posterior	Sin definir
Catastro (diciembre de 2016                          )	2016	22001	Abiego	348	230	2	12	22	27	13	37	4	1
Catastro (diciembre de 2016                          )	2016	22002	Abizanda	128	86	3	2	8	5	7	13	3	1
Catastro (diciembre de 2016                          )	2016	22003	Adahuesca	208	126	3	4	5	11	10	38	2	9
Catastro (diciembre de 2016                          )	2016	22004	Agüero	402	323	2	1	6	11	13	40	3	3
Catastro (diciembre de 2016                          )	2016	22006	Aísa	3249	216	4	116	841	1195	464	345	67	1
Catastro (diciembre de 2016                          )	2016	22007	Albalate de Cinca	715	278	15	82	153	42	44	84	14	3
Catastro (diciembre de 2016                          )	2016	22008	Albalatillo	233	68	38	33	45	26	11	8	3	1
Catastro (diciembre de 2016                          )	2016	22009	Albelda	568	228	45	75	72	58	24	54	10	2
Catastro (diciembre de 2016                          )	2016	22011	Albero Alto	97	33	16	20	12	2	2	11	1	0
Catastro (diciembre de 2016                          )	2016	22012	Albero Bajo	120	42	16	20	7	5	4	12	12	2
Catastro (diciembre de 2016                          )	2016	22013	Alberuela de Tubo	235	28	24	117	23	10	3	15	10	5
Catastro (diciembre de 2016                          )	2016	22014	Alcalá de Gurrea	271	101	34	36	57	16	5	19	2	1
Catastro (diciembre de 2016                          )	2016	22015	Alcalá del Obispo	423	149	70	81	51	30	7	27	5	3
Catastro (diciembre de 2016                          )	2016	22016	Alcampell	864	365	116	101	136	61	27	40	16	2
Catastro (diciembre de 2016                          )	2016	22017	Alcolea de Cinca	1109	455	20	59	139	143	132	134	27	0
Catastro (diciembre de 2016                          )	2016	22018	Alcubierre	408	245	37	31	37	16	14	19	7	2
Catastro (diciembre de 2016                          )	2016	22019	Alerre	146	37	2	3	17	18	28	27	5	9
Catastro (diciembre de 2016                          )	2016	22020	Alfántega	148	75	12	10	10	6	2	31	0	2
Catastro (diciembre de 2016                          )	2016	22021	Almudévar	2180	818	250	134	186	227	103	422	36	4
Catastro (diciembre de 2016                          )	2016	22022	Almunia de San Juan	607	307	29	43	45	45	34	89	14	1
Catastro (diciembre de 2016                          )	2016	22023	Almuniente	398	116	132	22	37	35	15	34	7	0
Catastro (diciembre de 2016                          )	2016	22024	Alquézar	432	244	2	2	6	18	49	89	22	0
Catastro (diciembre de 2016                          )	2016	22025	Altorricón	987	150	88	188	168	99	49	214	13	18
Catastro (diciembre de 2016                          )	2016	22027	Angüés	475	364	18	19	24	12	10	24	4	0
Catastro (diciembre de 2016                          )	2016	22028	Ansó	667	352	6	13	27	110	46	113	0	0
Catastro (diciembre de 2016                          )	2016	22029	Antillón	121	81	4	13	9	2	7	4	1	0
Catastro (diciembre de 2016                          )	2016	22032	Aragüés del Puerto	251	135	4	3	5	7	2	94	1	0
Catastro (diciembre de 2016                          )	2016	22035	Arén	645	374	6	9	32	16	29	168	10	1
Catastro (diciembre de 2016                          )	2016	22036	Argavieso	120	69	7	12	12	4	3	7	0	6
Catastro (diciembre de 2016                          )	2016	22037	Arguis	264	121	7	7	29	15	33	44	8	0
Catastro (diciembre de 2016                          )	2016	22039	Ayerbe	1303	766	58	21	197	45	16	196	3	1
Catastro (diciembre de 2016                          )	2016	22040	Azanuy-Alins	390	328	5	5	16	11	9	13	3	0
Catastro (diciembre de 2016                          )	2016	22041	Azara	190	118	3	7	31	8	13	7	3	0
Catastro (diciembre de 2016                          )	2016	22042	Azlor	166	131	2	5	3	6	7	7	4	1
Catastro (diciembre de 2016                          )	2016	22043	Baells	185	88	21	36	20	11	5	3	1	0
Catastro (diciembre de 2016                          )	2016	22044	Bailo	399	287	0	1	14	10	25	49	4	9
Catastro (diciembre de 2016                          )	2016	22045	Baldellou	254	203	1	2	15	11	8	9	5	0
Catastro (diciembre de 2016                          )	2016	22046	Ballobar	967	580	11	30	76	89	87	78	14	2
Catastro (diciembre de 2016                          )	2016	22047	Banastás	149	21	9	12	13	15	27	45	7	0
Catastro (diciembre de 2016                          )	2016	22048	Barbastro	14968	1190	420	1394	3064	2653	2189	3600	448	10
Catastro (diciembre de 2016                          )	2016	22049	Barbués	171	21	20	31	13	6	2	1	0	77
Catastro (diciembre de 2016                          )	2016	22050	Barbuñales	133	78	3	2	16	12	6	10	5	1
Catastro (diciembre de 2016                          )	2016	22051	Bárcabo	242	148	4	3	5	35	17	18	10	2
Catastro (diciembre de 2016                          )	2016	22052	Belver de Cinca	887	469	47	53	85	90	47	75	13	8
Catastro (diciembre de 2016                          )	2016	22053	Benabarre	1459	661	22	67	239	87	59	259	53	12
Catastro (diciembre de 2016                          )	2016	22054	Benasque	5046	358	25	12	829	600	1188	1739	293	2
Catastro (diciembre de 2016                          )	2016	22055	Berbegal	351	224	5	19	23	28	26	23	2	1
Catastro (diciembre de 2016                          )	2016	22057	Bielsa	992	227	92	27	40	163	46	274	119	4
Catastro (diciembre de 2016                          )	2016	22058	Bierge	322	261	2	3	7	12	11	22	3	1
Catastro (diciembre de 2016                          )	2016	22059	Biescas	5786	436	97	190	491	774	1753	1982	55	8
Catastro (diciembre de 2016                          )	2016	22060	Binaced	1079	417	66	104	142	86	109	103	42	10
Catastro (diciembre de 2016                          )	2016	22061	Binéfar	6875	792	313	822	1160	755	791	1792	428	22
Catastro (diciembre de 2016                          )	2016	22062	Bisaurri	283	164	1	1	6	5	20	68	18	0
Catastro (diciembre de 2016                          )	2016	22063	Biscarrués	307	250	2	7	11	12	8	11	5	1
Catastro (diciembre de 2016                          )	2016	22064	Blecua y Torres	197	127	9	14	9	13	5	16	3	1
Catastro (diciembre de 2016                          )	2016	22066	Boltaña	1499	391	22	45	136	165	132	502	94	12
Catastro (diciembre de 2016                          )	2016	22067	Bonansa	145	59	1	3	0	3	18	40	21	0
Catastro (diciembre de 2016                          )	2016	22068	Borau	134	78	0	2	22	4	7	11	9	1
Catastro (diciembre de 2016                          )	2016	22069	Broto	1357	309	1	17	208	29	212	553	26	2
Catastro (diciembre de 2016                          )	2016	22072	Caldearenas	431	254	4	25	67	16	12	38	13	2
Catastro (diciembre de 2016                          )	2016	22074	Campo	1062	231	10	30	26	8	82	632	40	3
Catastro (diciembre de 2016                          )	2016	22075	Camporrells	295	226	17	1	16	7	7	18	3	0
Catastro (diciembre de 2016                          )	2016	22076	Canal de Berdún	569	449	3	3	28	21	35	29	1	0
Catastro (diciembre de 2016                          )	2016	22077	Candasnos	417	125	34	69	61	36	34	53	5	0
Catastro (diciembre de 2016                          )	2016	22078	Canfranc	2467	163	79	18	9	417	976	704	101	0
Catastro (diciembre de 2016                          )	2016	22079	Capdesaso	279	62	24	29	22	9	7	5	3	118
Catastro (diciembre de 2016                          )	2016	22080	Capella	359	256	4	11	23	17	23	13	3	9
Catastro (diciembre de 2016                          )	2016	22081	Casbas de Huesca	525	371	10	9	25	9	24	60	15	2
Catastro (diciembre de 2016                          )	2016	22082	Castejón del Puente	366	126	7	39	60	64	36	25	4	5
Catastro (diciembre de 2016                          )	2016	22083	Castejón de Monegros	562	194	70	123	87	40	21	25	2	0
Catastro (diciembre de 2016                          )	2016	22084	Castejón de Sos	1182	161	7	35	95	37	211	615	19	2
Catastro (diciembre de 2016                          )	2016	22085	Castelflorite	173	24	17	21	22	8	4	2	0	75
Catastro (diciembre de 2016                          )	2016	22086	Castiello de Jaca	1504	125	14	7	17	13	386	636	36	270
Catastro (diciembre de 2016                          )	2016	22087	Castigaleu	82	50	1	6	2	2	5	10	4	2
Catastro (diciembre de 2016                          )	2016	22088	Castillazuelo	206	152	13	15	5	5	7	9	0	0
Catastro (diciembre de 2016                          )	2016	22089	Castillonroy	424	277	31	8	14	31	25	31	5	2
Catastro (diciembre de 2016                          )	2016	22090	Colungo	192	145	1	3	10	5	4	20	3	1
Catastro (diciembre de 2016                          )	2016	22094	Chalamera	136	89	6	10	6	8	3	11	2	1
Catastro (diciembre de 2016                          )	2016	22095	Chía	133	82	3	3	3	1	8	25	8	0
Catastro (diciembre de 2016                          )	2016	22096	Chimillas	208	61	0	3	12	7	21	98	5	1
Catastro (diciembre de 2016                          )	2016	22099	Esplús	610	207	70	55	140	59	25	38	8	8
Catastro (diciembre de 2016                          )	2016	22102	Estada	207	122	11	17	18	9	8	22	0	0
Catastro (diciembre de 2016                          )	2016	22103	Estadilla	815	463	6	47	55	100	44	66	33	1
Catastro (diciembre de 2016                          )	2016	22105	Estopiñán del Castillo	317	230	9	15	17	5	12	23	6	0
Catastro (diciembre de 2016                          )	2016	22106	Fago	126	104	1	0	2	1	4	3	2	9
Catastro (diciembre de 2016                          )	2016	22107	Fanlo	227	153	2	3	7	4	21	29	8	0
Catastro (diciembre de 2016                          )	2016	22109	Fiscal	565	235	10	4	39	29	58	160	24	6
Catastro (diciembre de 2016                          )	2016	22110	Fonz	885	544	53	60	45	72	48	60	2	1
Catastro (diciembre de 2016                          )	2016	22111	Foradada del Toscar	285	150	11	12	5	18	18	65	5	1
Catastro (diciembre de 2016                          )	2016	22112	Fraga	9958	619	435	1101	1628	1326	1576	2990	262	21
Catastro (diciembre de 2016                          )	2016	22113	Fueva (La)	961	434	5	22	43	44	37	111	49	216
Catastro (diciembre de 2016                          )	2016	22114	Gistaín	161	105	5	0	6	3	18	19	4	1
Catastro (diciembre de 2016                          )	2016	22115	Grado (El)	855	277	18	76	89	226	70	87	7	5
Catastro (diciembre de 2016                          )	2016	22116	Grañén	1425	371	195	300	237	161	48	97	14	2
Catastro (diciembre de 2016                          )	2016	22117	Graus	4014	1253	271	113	612	481	371	773	136	4
Catastro (diciembre de 2016                          )	2016	22119	Gurrea de Gállego	1380	445	203	103	240	173	92	107	14	3
Catastro (diciembre de 2016                          )	2016	22122	Hoz de Jaca	170	37	5	6	13	13	16	66	5	9
Catastro (diciembre de 2016                          )	2016	22124	Huerto	306	70	40	53	27	21	66	24	3	2
Catastro (diciembre de 2016                          )	2016	22125	Huesca	55330	2943	1141	4184	10373	10654	10908	12640	2469	18
Catastro (diciembre de 2016                          )	2016	22126	Ibieca	142	111	1	7	6	7	2	5	0	3
Catastro (diciembre de 2016                          )	2016	22127	Igriés	381	93	4	9	19	16	45	166	28	1
Catastro (diciembre de 2016                          )	2016	22128	Ilche	259	178	2	14	20	10	8	16	7	4
Catastro (diciembre de 2016                          )	2016	22129	Isábena	532	219	16	20	18	43	81	121	6	8
Catastro (diciembre de 2016                          )	2016	22130	Jaca	28001	2215	314	919	4767	6943	6887	5481	444	31
Catastro (diciembre de 2016                          )	2016	22131	Jasa	301	151	0	1	6	2	13	117	10	1
Catastro (diciembre de 2016                          )	2016	22133	Labuerda	243	144	7	2	5	10	25	39	9	2
Catastro (diciembre de 2016                          )	2016	22135	Laluenga	250	188	7	7	12	12	10	13	1	0
Catastro (diciembre de 2016                          )	2016	22136	Lalueza	816	234	39	243	88	73	63	66	9	1
Catastro (diciembre de 2016                          )	2016	22137	Lanaja	1238	585	59	266	78	105	92	48	2	3
Catastro (diciembre de 2016                          )	2016	22139	Laperdiguera	113	76	1	5	6	3	6	12	4	0
Catastro (diciembre de 2016                          )	2016	22141	Lascellas-Ponzano	261	197	4	4	10	11	14	17	4	0
Catastro (diciembre de 2016                          )	2016	22142	Lascuarre	228	134	1	4	8	13	14	34	17	3
Catastro (diciembre de 2016                          )	2016	22143	Laspaúles	565	217	4	5	10	20	74	210	22	3
Catastro (diciembre de 2016                          )	2016	22144	Laspuña	426	175	4	1	11	14	27	156	37	1
Catastro (diciembre de 2016                          )	2016	22149	Loarre	566	254	63	62	74	51	30	18	10	4
Catastro (diciembre de 2016                          )	2016	22150	Loporzano	815	518	19	32	67	61	39	54	23	2
Catastro (diciembre de 2016                          )	2016	22151	Loscorrales	279	83	17	25	17	7	4	6	1	119
Catastro (diciembre de 2016                          )	2016	22155	Monesma y Cajigar	76	49	1	6	2	4	8	5	1	0
Catastro (diciembre de 2016                          )	2016	22156	Monflorite-Lascasas	331	75	31	34	40	30	21	60	36	4
Catastro (diciembre de 2016                          )	2016	22157	Montanuy	491	291	5	2	20	28	25	101	18	1
Catastro (diciembre de 2016                          )	2016	22158	Monzón	14342	1296	605	2336	2257	1315	2331	3531	645	26
Catastro (diciembre de 2016                          )	2016	22160	Naval	272	196	4	4	1	15	34	12	4	2
Catastro (diciembre de 2016                          )	2016	22162	Novales	126	77	11	12	11	5	5	4	1	0
Catastro (diciembre de 2016                          )	2016	22163	Nueno	549	216	1	5	30	51	82	148	15	1
Catastro (diciembre de 2016                          )	2016	22164	Olvena	77	53	5	1	4	8	1	1	4	0
Catastro (diciembre de 2016                          )	2016	22165	Ontiñena	556	338	18	42	47	37	38	31	5	0
Catastro (diciembre de 2016                          )	2016	22167	Osso de Cinca	406	181	18	40	70	31	35	23	6	2
Catastro (diciembre de 2016                          )	2016	22168	Palo	78	48	0	1	4	5	7	10	2	1
Catastro (diciembre de 2016                          )	2016	22170	Panticosa	3612	193	11	12	205	473	1131	1559	26	2
Catastro (diciembre de 2016                          )	2016	22172	Peñalba	499	260	10	42	31	46	41	50	18	1
Catastro (diciembre de 2016                          )	2016	22173	Peñas de Riglos (Las)	786	481	70	56	65	47	24	28	14	1
Catastro (diciembre de 2016                          )	2016	22174	Peralta de Alcofea	665	415	7	26	50	58	33	60	16	0
Catastro (diciembre de 2016                          )	2016	22175	Peralta de Calasanz	582	313	93	66	41	21	14	31	2	1
Catastro (diciembre de 2016                          )	2016	22176	Peraltilla	164	111	2	3	13	7	8	19	1	0
Catastro (diciembre de 2016                          )	2016	22177	Perarrúa	247	149	14	14	24	12	20	5	4	5
Catastro (diciembre de 2016                          )	2016	22178	Pertusa	299	40	19	36	33	34	4	6	2	125
Catastro (diciembre de 2016                          )	2016	22181	Piracés	93	68	3	8	5	4	2	3	0	0
Catastro (diciembre de 2016                          )	2016	22182	Plan	426	213	3	16	15	70	36	65	7	1
Catastro (diciembre de 2016                          )	2016	22184	Poleñino	193	88	29	12	24	8	15	14	3	0
Catastro (diciembre de 2016                          )	2016	22186	Pozán de Vero	248	174	3	2	29	8	16	13	2	1
Catastro (diciembre de 2016                          )	2016	22187	Puebla de Castro (La)	648	241	2	10	139	34	37	129	55	1
Catastro (diciembre de 2016                          )	2016	22188	Puente de Montañana	228	194	4	7	3	4	5	10	1	0
Catastro (diciembre de 2016                          )	2016	22189	Puértolas	328	162	1	5	9	16	52	72	11	0
Catastro (diciembre de 2016                          )	2016	22190	Pueyo de Araguás (El)	177	127	3	0	4	5	7	23	7	1
Catastro (diciembre de 2016                          )	2016	22193	Pueyo de Santa Cruz	250	105	26	30	23	14	7	43	2	0
Catastro (diciembre de 2016                          )	2016	22195	Quicena	219	58	3	9	22	45	7	69	1	5
Catastro (diciembre de 2016                          )	2016	22197	Robres	453	160	61	74	79	48	8	11	11	1
Catastro (diciembre de 2016                          )	2016	22199	Sabiñánigo	14491	825	659	1532	2211	1559	1233	6133	320	19
Catastro (diciembre de 2016                          )	2016	22200	Sahún	783	155	4	14	17	394	35	149	12	3
Catastro (diciembre de 2016                          )	2016	22201	Salas Altas	286	237	0	0	9	12	9	14	3	2
Catastro (diciembre de 2016                          )	2016	22202	Salas Bajas	201	123	1	3	10	1	10	36	8	9
Catastro (diciembre de 2016                          )	2016	22203	Salillas	133	61	17	21	18	9	3	2	2	0
Catastro (diciembre de 2016                          )	2016	22204	Sallent de Gállego	7017	168	67	45	985	1069	1063	3467	127	26
Catastro (diciembre de 2016                          )	2016	22205	San Esteban de Litera	925	574	32	36	69	42	78	88	5	1
Catastro (diciembre de 2016                          )	2016	22206	Sangarrén	281	107	37	65	36	17	7	6	2	4
Catastro (diciembre de 2016                          )	2016	22207	San Juan de Plan	195	75	3	1	2	1	11	98	3	1
Catastro (diciembre de 2016                          )	2016	22208	Santa Cilia	321	130	4	11	16	15	33	42	69	1
Catastro (diciembre de 2016                          )	2016	22209	Santa Cruz de la Serós	317	98	1	5	29	9	44	126	4	1
Catastro (diciembre de 2016                          )	2016	22212	Santaliestra y San Quílez	139	82	1	4	3	4	2	7	22	14
Catastro (diciembre de 2016                          )	2016	22213	Sariñena	3454	352	282	892	731	466	191	475	56	9
Catastro (diciembre de 2016                          )	2016	22214	Secastilla	167	92	25	18	14	6	4	7	1	0
Catastro (diciembre de 2016                          )	2016	22215	Seira	373	127	2	10	57	3	11	137	24	2
Catastro (diciembre de 2016                          )	2016	22217	Sena	603	373	21	26	67	55	36	20	5	0
Catastro (diciembre de 2016                          )	2016	22218	Senés de Alcubierre	117	21	14	11	13	2	0	1	1	54
Catastro (diciembre de 2016                          )	2016	22220	Sesa	223	150	11	22	15	20	2	1	2	0
Catastro (diciembre de 2016                          )	2016	22221	Sesué	498	52	4	3	5	1	82	208	17	126
Catastro (diciembre de 2016                          )	2016	22222	Siétamo	625	186	52	57	54	57	92	122	4	1
Catastro (diciembre de 2016                          )	2016	22223	Sopeira	265	145	10	5	9	4	12	69	11	0
Catastro (diciembre de 2016                          )	2016	22225	Tamarite de Litera	2544	817	126	237	374	430	175	287	97	1
Catastro (diciembre de 2016                          )	2016	22226	Tardienta	916	346	26	66	113	218	38	87	19	3
Catastro (diciembre de 2016                          )	2016	22227	Tella-Sin	332	181	22	9	46	10	8	34	21	1
Catastro (diciembre de 2016                          )	2016	22228	Tierz	415	71	7	10	17	8	11	223	14	54
Catastro (diciembre de 2016                          )	2016	22229	Tolva	279	211	5	3	16	6	12	20	4	2
Catastro (diciembre de 2016                          )	2016	22230	Torla-Ordesa	549	262	1	8	9	170	29	58	11	1
Catastro (diciembre de 2016                          )	2016	22232	Torralba de Aragón	217	45	22	14	45	6	1	1	0	83
Catastro (diciembre de 2016                          )	2016	22233	Torre la Ribera	88	67	5	1	2	2	6	5	0	0
Catastro (diciembre de 2016                          )	2016	22234	Torrente de Cinca	713	319	12	58	79	94	52	81	12	6
Catastro (diciembre de 2016                          )	2016	22235	Torres de Alcanadre	139	94	1	7	19	3	5	8	1	1
Catastro (diciembre de 2016                          )	2016	22236	Torres de Barbués	208	29	12	128	20	9	1	4	4	1
Catastro (diciembre de 2016                          )	2016	22239	Tramaced	96	40	7	17	14	13	0	5	0	0
Catastro (diciembre de 2016                          )	2016	22242	Valfarta	88	69	1	2	8	2	0	5	1	0
Catastro (diciembre de 2016                          )	2016	22243	Valle de Bardají	39	35	0	0	2	2	0	0	0	0
Catastro (diciembre de 2016                          )	2016	22244	Valle de Lierp	141	51	1	2	0	4	8	71	4	0
Catastro (diciembre de 2016                          )	2016	22245	Velilla de Cinca	420	282	3	11	42	18	40	18	5	1
Catastro (diciembre de 2016                          )	2016	22246	Beranuy	118	90	4	7	1	3	1	11	1	0
Catastro (diciembre de 2016                          )	2016	22247	Viacamp y Litera	71	50	2	1	2	2	6	8	0	0
Catastro (diciembre de 2016                          )	2016	22248	Vicién	155	50	22	29	25	5	6	7	10	1
Catastro (diciembre de 2016                          )	2016	22249	Villanova	335	51	6	24	3	11	61	165	11	3
Catastro (diciembre de 2016                          )	2016	22250	Villanúa	3422	120	7	56	60	505	666	1938	49	21
Catastro (diciembre de 2016                          )	2016	22251	Villanueva de Sigena	400	196	16	25	59	53	22	18	9	2
Catastro (diciembre de 2016                          )	2016	22252	Yebra de Basa	171	115	2	4	8	10	4	15	4	9
Catastro (diciembre de 2016                          )	2016	22253	Yésero	110	50	10	12	9	18	6	4	1	0
Catastro (diciembre de 2016                          )	2016	22254	Zaidín	1278	563	20	91	241	165	90	87	20	1
Catastro (diciembre de 2016                          )	2016	22901	Valle de Hecho	1357	662	15	67	71	226	144	133	36	3
Catastro (diciembre de 2016                          )	2016	22902	Puente la Reina de Jaca	528	212	2	9	41	23	74	164	2	1
Catastro (diciembre de 2016                          )	2016	22903	San Miguel del Cinca	658	375	24	33	99	55	17	47	7	1
Catastro (diciembre de 2016                          )	2016	22904	Sotonera (La)	1348	975	21	26	75	77	51	96	21	6
Catastro (diciembre de 2016                          )	2016	22905	Lupiñén-Ortilla	825	196	108	78	42	12	6	38	7	338
Catastro (diciembre de 2016                          )	2016	22906	Santa María de Dulcis	271	162	3	0	18	4	17	15	7	45
Catastro (diciembre de 2016                          )	2016	22907	Aínsa-Sobrarbe	2410	500	48	83	90	423	294	902	69	1
Catastro (diciembre de 2016                          )	2016	22908	Hoz y Costeán	312	262	6	2	8	8	5	16	4	1
Catastro (diciembre de 2016                          )	2016	22909	Vencillón	190	0	0	118	8	28	10	24	2	0
Catastro (diciembre de 2016                          )	2016	44001	Ababuj	165	75	2	2	16	51	5	12	2	0
Catastro (diciembre de 2016                          )	2016	44002	Abejuela	262	235	2	2	5	11	4	3	0	0
Catastro (diciembre de 2016                          )	2016	44003	Aguatón	52	37	1	1	2	10	0	0	1	0
Catastro (diciembre de 2016                          )	2016	44004	Aguaviva	868	427	37	25	128	81	93	65	11	1
Catastro (diciembre de 2016                          )	2016	44005	Aguilar del Alfambra	210	92	10	7	19	28	12	7	33	2
Catastro (diciembre de 2016                          )	2016	44006	Alacón	588	181	11	13	151	166	38	24	3	1
Catastro (diciembre de 2016                          )	2016	44007	Alba	281	209	14	8	21	22	2	4	1	0
Catastro (diciembre de 2016                          )	2016	44008	Albalate del Arzobispo	2211	1254	12	38	157	335	217	139	50	9
Catastro (diciembre de 2016                          )	2016	44009	Albarracín	1112	487	31	76	120	178	75	120	24	1
Catastro (diciembre de 2016                          )	2016	44010	Albentosa	526	332	11	10	35	62	29	45	0	2
Catastro (diciembre de 2016                          )	2016	44011	Alcaine	293	126	0	16	77	42	20	6	5	1
Catastro (diciembre de 2016                          )	2016	44012	Alcalá de la Selva	2236	225	25	42	650	148	154	848	131	13
Catastro (diciembre de 2016                          )	2016	44013	Alcañiz	15224	1081	509	1176	2537	2230	3303	3785	595	8
Catastro (diciembre de 2016                          )	2016	44014	Alcorisa	3418	1024	137	144	462	427	523	649	47	5
Catastro (diciembre de 2016                          )	2016	44016	Alfambra	645	213	37	63	149	127	22	24	6	4
Catastro (diciembre de 2016                          )	2016	44017	Aliaga	772	230	124	34	76	215	43	45	4	1
Catastro (diciembre de 2016                          )	2016	44018	Almohaja	85	78	1	2	0	1	0	0	0	3
Catastro (diciembre de 2016                          )	2016	44019	Alobras	174	94	7	9	7	10	14	17	12	4
Catastro (diciembre de 2016                          )	2016	44020	Alpeñés	65	23	1	2	2	17	11	4	5	0
Catastro (diciembre de 2016                          )	2016	44021	Allepuz	243	180	5	4	2	22	13	14	3	0
Catastro (diciembre de 2016                          )	2016	44022	Alloza	1091	656	41	22	81	130	66	63	19	13
Catastro (diciembre de 2016                          )	2016	44023	Allueva	71	29	0	1	5	33	2	1	0	0
Catastro (diciembre de 2016                          )	2016	44024	Anadón	108	61	0	1	5	26	8	4	2	1
Catastro (diciembre de 2016                          )	2016	44025	Andorra	6097	832	468	394	1329	1195	754	851	271	3
Catastro (diciembre de 2016                          )	2016	44026	Arcos de las Salinas	560	317	4	9	23	68	21	33	83	2
Catastro (diciembre de 2016                          )	2016	44027	Arens de Lledó	243	162	2	6	29	31	4	8	1	0
Catastro (diciembre de 2016                          )	2016	44028	Argente	311	181	10	14	50	30	7	9	9	1
Catastro (diciembre de 2016                          )	2016	44029	Ariño	918	488	94	16	51	179	67	17	6	0
Catastro (diciembre de 2016                          )	2016	44031	Azaila	267	198	13	10	10	14	4	12	4	2
Catastro (diciembre de 2016                          )	2016	44032	Bádenas	95	55	3	1	5	18	5	5	3	0
Catastro (diciembre de 2016                          )	2016	44033	Báguena	731	507	31	40	42	37	24	37	9	4
Catastro (diciembre de 2016                          )	2016	44034	Bañón	286	204	11	11	16	13	5	21	4	1
Catastro (diciembre de 2016                          )	2016	44035	Barrachina	270	92	5	12	42	70	10	35	4	0
Catastro (diciembre de 2016                          )	2016	44036	Bea	63	27	0	3	0	28	4	0	1	0
Catastro (diciembre de 2016                          )	2016	44037	Beceite	794	421	20	21	54	116	35	114	12	1
Catastro (diciembre de 2016                          )	2016	44038	Belmonte de San José	280	214	2	5	10	17	11	11	10	0
Catastro (diciembre de 2016                          )	2016	44039	Bello	572	420	5	21	25	49	12	32	6	2
Catastro (diciembre de 2016                          )	2016	44040	Berge	339	229	13	11	10	11	27	33	5	0
Catastro (diciembre de 2016                          )	2016	44041	Bezas	187	148	4	4	6	12	3	6	2	2
Catastro (diciembre de 2016                          )	2016	44042	Blancas	350	252	10	7	26	15	4	0	2	34
Catastro (diciembre de 2016                          )	2016	44043	Blesa	362	107	4	39	86	98	21	3	2	2
Catastro (diciembre de 2016                          )	2016	44044	Bordón	252	120	17	9	31	40	23	6	5	1
Catastro (diciembre de 2016                          )	2016	44045	Bronchales	1182	314	32	124	110	203	82	286	31	0
Catastro (diciembre de 2016                          )	2016	44046	Bueña	168	92	0	11	18	46	1	0	0	0
Catastro (diciembre de 2016                          )	2016	44047	Burbáguena	498	324	9	7	43	62	29	12	5	7
Catastro (diciembre de 2016                          )	2016	44048	Cabra de Mora	217	123	4	6	17	22	29	15	1	0
Catastro (diciembre de 2016                          )	2016	44049	Calaceite	1127	744	14	33	100	58	92	75	10	1
Catastro (diciembre de 2016                          )	2016	44050	Calamocha	5723	1075	169	479	1179	1112	525	1053	130	1
Catastro (diciembre de 2016                          )	2016	44051	Calanda	2984	1095	103	122	461	541	219	329	80	34
Catastro (diciembre de 2016                          )	2016	44052	Calomarde	234	141	2	1	18	32	8	25	7	0
Catastro (diciembre de 2016                          )	2016	44053	Camañas	180	63	6	18	28	47	8	9	1	0
Catastro (diciembre de 2016                          )	2016	44054	Camarena de la Sierra	553	287	8	10	22	51	27	143	5	0
Catastro (diciembre de 2016                          )	2016	44055	Camarillas	258	109	4	5	35	78	12	12	3	0
Catastro (diciembre de 2016                          )	2016	44056	Caminreal	777	421	39	53	70	81	33	51	13	16
Catastro (diciembre de 2016                          )	2016	44059	Cantavieja	994	326	11	50	137	98	44	134	194	0
Catastro (diciembre de 2016                          )	2016	44060	Cañada de Benatanduz	191	149	1	0	9	20	7	2	3	0
Catastro (diciembre de 2016                          )	2016	44061	Cañada de Verich (La)	170	73	29	13	20	18	11	3	3	0
Catastro (diciembre de 2016                          )	2016	44062	Cañada Vellida	69	19	0	6	22	19	2	1	0	0
Catastro (diciembre de 2016                          )	2016	44063	Cañizar del Olivar	280	85	9	20	58	57	21	24	6	0
Catastro (diciembre de 2016                          )	2016	44064	Cascante del Río	205	166	8	5	4	13	5	2	0	2
Catastro (diciembre de 2016                          )	2016	44065	Castejón de Tornos	200	148	2	2	6	11	7	13	8	3
Catastro (diciembre de 2016                          )	2016	44066	Castel de Cabra	286	213	2	6	7	31	13	13	1	0
Catastro (diciembre de 2016                          )	2016	44067	Castelnou	237	159	6	17	25	14	7	6	3	0
Catastro (diciembre de 2016                          )	2016	44068	Castelserás	775	16	1	1	4	17	24	58	4	650
Catastro (diciembre de 2016                          )	2016	44070	Castellar (El)	158	96	8	7	17	18	9	3	0	0
Catastro (diciembre de 2016                          )	2016	44071	Castellote	1471	815	121	53	88	200	63	119	10	2
Catastro (diciembre de 2016                          )	2016	44074	Cedrillas	648	299	29	23	47	78	53	114	4	1
Catastro (diciembre de 2016                          )	2016	44075	Celadas	285	122	4	10	109	26	11	3	0	0
Catastro (diciembre de 2016                          )	2016	44076	Cella	2121	707	113	104	474	223	126	251	107	16
Catastro (diciembre de 2016                          )	2016	44077	Cerollera (La)	175	139	1	1	4	7	2	15	4	2
Catastro (diciembre de 2016                          )	2016	44080	Codoñera (La)	481	304	1	16	28	71	28	25	7	1
Catastro (diciembre de 2016                          )	2016	44082	Corbalán	141	127	0	2	2	3	1	4	2	0
Catastro (diciembre de 2016                          )	2016	44084	Cortes de Aragón	223	194	0	2	8	8	5	5	1	0
Catastro (diciembre de 2016                          )	2016	44085	Cosa	158	112	5	3	10	8	2	6	1	11
Catastro (diciembre de 2016                          )	2016	44086	Cretas	607	309	15	27	67	102	30	56	1	0
Catastro (diciembre de 2016                          )	2016	44087	Crivillén	291	121	12	35	58	51	7	4	3	0
Catastro (diciembre de 2016                          )	2016	44088	Cuba (La)	162	91	2	13	23	32	0	1	0	0
Catastro (diciembre de 2016                          )	2016	44089	Cubla	127	95	6	4	5	10	1	1	3	2
Catastro (diciembre de 2016                          )	2016	44090	Cucalón	215	126	12	6	17	23	6	16	9	0
Catastro (diciembre de 2016                          )	2016	44092	Cuervo (El)	277	185	4	3	22	25	12	5	3	18
Catastro (diciembre de 2016                          )	2016	44093	Cuevas de Almudén	104	33	1	1	23	36	5	5	0	0
Catastro (diciembre de 2016                          )	2016	44094	Cuevas Labradas	147	108	1	3	17	11	2	4	1	0
Catastro (diciembre de 2016                          )	2016	44096	Ejulve	383	302	15	10	5	31	15	4	1	0
Catastro (diciembre de 2016                          )	2016	44097	Escorihuela	251	110	8	10	65	46	9	3	0	0
Catastro (diciembre de 2016                          )	2016	44099	Escucha	907	250	96	24	139	300	28	66	4	0
Catastro (diciembre de 2016                          )	2016	44100	Estercuel	583	196	14	80	126	90	44	22	7	4
Catastro (diciembre de 2016                          )	2016	44101	Ferreruela de Huerva	176	47	6	12	44	34	5	18	10	0
Catastro (diciembre de 2016                          )	2016	44102	Fonfría	72	29	0	6	19	14	3	1	0	0
Catastro (diciembre de 2016                          )	2016	44103	Formiche Alto	310	216	4	7	12	29	14	28	0	0
Catastro (diciembre de 2016                          )	2016	44105	Fórnoles	300	248	3	4	10	26	3	5	1	0
Catastro (diciembre de 2016                          )	2016	44106	Fortanete	485	329	3	15	54	57	8	10	7	2
Catastro (diciembre de 2016                          )	2016	44107	Foz-Calanda	357	180	27	27	38	23	24	27	10	1
Catastro (diciembre de 2016                          )	2016	44108	Fresneda (La)	675	402	5	11	62	124	35	34	2	0
Catastro (diciembre de 2016                          )	2016	44109	Frías de Albarracín	279	201	5	3	6	32	13	13	5	1
Catastro (diciembre de 2016                          )	2016	44110	Fuenferrada	124	51	3	4	19	31	5	10	1	0
Catastro (diciembre de 2016                          )	2016	44111	Fuentes Calientes	151	55	5	4	31	40	10	5	1	0
Catastro (diciembre de 2016                          )	2016	44112	Fuentes Claras	631	353	34	29	49	76	40	38	5	7
Catastro (diciembre de 2016                          )	2016	44113	Fuentes de Rubielos	290	213	1	4	12	6	19	30	4	1
Catastro (diciembre de 2016                          )	2016	44114	Fuentespalda	358	205	9	13	40	61	17	8	5	0
Catastro (diciembre de 2016                          )	2016	44115	Galve	144	60	1	4	21	33	7	13	5	0
Catastro (diciembre de 2016                          )	2016	44116	Gargallo	200	119	0	7	12	17	22	21	2	0
Catastro (diciembre de 2016                          )	2016	44117	Gea de Albarracín	569	328	23	21	47	52	23	54	20	1
Catastro (diciembre de 2016                          )	2016	44118	Ginebrosa (La)	440	253	24	72	32	25	9	24	0	1
Catastro (diciembre de 2016                          )	2016	44119	Griegos	221	97	9	14	21	38	19	18	5	0
Catastro (diciembre de 2016                          )	2016	44120	Guadalaviar	370	167	4	6	45	59	46	32	11	0
Catastro (diciembre de 2016                          )	2016	44121	Gúdar	213	139	2	1	4	6	16	43	2	0
Catastro (diciembre de 2016                          )	2016	44122	Híjar	1759	907	49	44	121	270	172	165	29	2
Catastro (diciembre de 2016                          )	2016	44123	Hinojosa de Jarque	182	104	5	2	20	42	2	7	0	0
Catastro (diciembre de 2016                          )	2016	44124	Hoz de la Vieja (La)	379	161	6	4	52	123	20	11	2	0
Catastro (diciembre de 2016                          )	2016	44125	Huesa del Común	397	368	1	0	6	9	7	3	3	0
Catastro (diciembre de 2016                          )	2016	44126	Iglesuela del Cid (La)	640	286	10	22	152	76	48	36	10	0
Catastro (diciembre de 2016                          )	2016	44127	Jabaloyas	269	197	5	7	9	14	12	22	1	2
Catastro (diciembre de 2016                          )	2016	44128	Jarque de la Val	121	41	3	10	23	34	3	4	3	0
Catastro (diciembre de 2016                          )	2016	44129	Jatiel	122	55	5	8	11	29	3	10	0	1
Catastro (diciembre de 2016                          )	2016	44130	Jorcas	128	80	5	10	10	19	1	2	0	1
Catastro (diciembre de 2016                          )	2016	44131	Josa	221	98	0	12	56	34	5	12	2	2
Catastro (diciembre de 2016                          )	2016	44132	Lagueruela	154	48	6	10	36	47	6	1	0	0
Catastro (diciembre de 2016                          )	2016	44133	Lanzuela	81	32	0	2	12	24	1	4	5	1
Catastro (diciembre de 2016                          )	2016	44135	Libros	269	213	4	9	7	12	0	19	0	5
Catastro (diciembre de 2016                          )	2016	44136	Lidón	147	66	3	9	27	26	6	7	3	0
Catastro (diciembre de 2016                          )	2016	44137	Linares de Mora	516	340	7	16	20	49	19	61	4	0
Catastro (diciembre de 2016                          )	2016	44138	Loscos	561	263	7	9	151	110	17	4	0	0
Catastro (diciembre de 2016                          )	2016	44141	Lledó	192	125	7	9	20	20	6	2	3	0
Catastro (diciembre de 2016                          )	2016	44142	Maicas	124	45	0	5	25	31	5	7	5	1
Catastro (diciembre de 2016                          )	2016	44143	Manzanera	1608	546	13	81	313	271	86	245	48	5
Catastro (diciembre de 2016                          )	2016	44144	Martín del Río	523	263	22	12	25	98	56	39	8	0
Catastro (diciembre de 2016                          )	2016	44145	Mas de las Matas	1390	680	71	50	121	144	182	126	16	0
Catastro (diciembre de 2016                          )	2016	44146	Mata de los Olmos (La)	247	80	16	7	57	55	20	7	5	0
Catastro (diciembre de 2016                          )	2016	44147	Mazaleón	619	338	16	21	63	97	32	45	7	0
Catastro (diciembre de 2016                          )	2016	44148	Mezquita de Jarque	127	44	2	11	25	29	6	6	4	0
Catastro (diciembre de 2016                          )	2016	44149	Mirambel	260	158	2	3	27	52	13	3	2	0
Catastro (diciembre de 2016                          )	2016	44150	Miravete de la Sierra	137	78	0	0	1	34	17	5	2	0
Catastro (diciembre de 2016                          )	2016	44151	Molinos	513	223	14	55	98	63	19	32	6	3
Catastro (diciembre de 2016                          )	2016	44152	Monforte de Moyuela	231	99	5	10	33	60	9	13	2	0
Catastro (diciembre de 2016                          )	2016	44153	Monreal del Campo	2118	666	129	114	199	217	273	448	28	44
Catastro (diciembre de 2016                          )	2016	44154	Monroyo	385	138	7	18	47	93	33	23	13	13
Catastro (diciembre de 2016                          )	2016	44155	Montalbán	5138	840	143	62	233	363	62	84	30	3321
Catastro (diciembre de 2016                          )	2016	44156	Monteagudo del Castillo	157	114	5	1	4	11	10	9	3	0
Catastro (diciembre de 2016                          )	2016	44157	Monterde de Albarracín	232	186	1	1	2	18	5	0	3	16
Catastro (diciembre de 2016                          )	2016	44158	Mora de Rubielos	2751	946	79	99	145	241	174	953	113	1
Catastro (diciembre de 2016                          )	2016	44159	Moscardón	157	87	1	1	7	13	2	16	21	9
Catastro (diciembre de 2016                          )	2016	44160	Mosqueruela	929	522	4	24	63	169	32	101	11	3
Catastro (diciembre de 2016                          )	2016	44161	Muniesa	916	584	39	16	74	95	58	38	6	6
Catastro (diciembre de 2016                          )	2016	44163	Noguera de Albarracín	451	165	7	20	30	22	13	45	5	144
Catastro (diciembre de 2016                          )	2016	44164	Nogueras	180	88	0	1	29	34	13	12	3	0
Catastro (diciembre de 2016                          )	2016	44165	Nogueruelas	461	261	7	16	50	32	26	67	2	0
Catastro (diciembre de 2016                          )	2016	44167	Obón	394	163	9	22	72	52	11	50	13	2
Catastro (diciembre de 2016                          )	2016	44168	Odón	307	201	2	8	26	48	7	3	0	12
Catastro (diciembre de 2016                          )	2016	44169	Ojos Negros	840	533	13	39	94	40	38	59	23	1
Catastro (diciembre de 2016                          )	2016	44171	Olba	818	556	35	12	67	61	31	38	3	15
Catastro (diciembre de 2016                          )	2016	44172	Oliete	819	622	4	21	33	121	12	2	2	2
Catastro (diciembre de 2016                          )	2016	44173	Olmos (Los)	270	112	10	15	41	47	23	11	2	9
Catastro (diciembre de 2016                          )	2016	44174	Orihuela del Tremedal	788	437	22	44	66	74	47	87	8	3
Catastro (diciembre de 2016                          )	2016	44175	Orrios	180	41	1	19	61	49	8	1	0	0
Catastro (diciembre de 2016                          )	2016	44176	Palomar de Arroyos	290	119	11	17	38	79	5	8	13	0
Catastro (diciembre de 2016                          )	2016	44177	Pancrudo	366	203	2	12	54	67	13	9	5	1
Catastro (diciembre de 2016                          )	2016	44178	Parras de Castellote (Las)	337	154	0	23	57	44	29	14	15	1
Catastro (diciembre de 2016                          )	2016	44179	Peñarroya de Tastavins	500	396	3	6	19	33	21	20	2	0
Catastro (diciembre de 2016                          )	2016	44180	Peracense	181	125	3	2	5	10	16	11	6	3
Catastro (diciembre de 2016                          )	2016	44181	Peralejos	119	76	1	4	20	11	4	2	1	0
Catastro (diciembre de 2016                          )	2016	44182	Perales del Alfambra	323	94	6	15	78	89	17	19	3	2
Catastro (diciembre de 2016                          )	2016	44183	Pitarque	240	139	1	18	32	49	1	0	0	0
Catastro (diciembre de 2016                          )	2016	44184	Plou	157	114	0	6	18	10	4	5	0	0
Catastro (diciembre de 2016                          )	2016	44185	Pobo (El)	197	156	2	2	5	16	9	7	0	0
Catastro (diciembre de 2016                          )	2016	44187	Portellada (La)	337	215	8	8	17	31	28	17	13	0
Catastro (diciembre de 2016                          )	2016	44189	Pozondón	212	180	0	4	6	8	11	3	0	0
Catastro (diciembre de 2016                          )	2016	44190	Pozuel del Campo	274	8	2	0	0	2	3	3	0	256
Catastro (diciembre de 2016                          )	2016	44191	Puebla de Híjar (La)	1177	581	104	96	107	73	96	103	10	7
Catastro (diciembre de 2016                          )	2016	44192	Puebla de Valverde (La)	695	228	20	40	96	118	67	120	4	2
Catastro (diciembre de 2016                          )	2016	44193	Puertomingalvo	476	244	2	1	3	35	41	149	1	0
Catastro (diciembre de 2016                          )	2016	44194	Ráfales	318	216	4	7	15	13	25	34	4	0
Catastro (diciembre de 2016                          )	2016	44195	Rillo	189	63	2	4	49	51	7	6	7	0
Catastro (diciembre de 2016                          )	2016	44196	Riodeva	350	254	9	7	17	32	7	12	7	5
Catastro (diciembre de 2016                          )	2016	44197	Ródenas	246	182	6	3	8	15	8	23	1	0
Catastro (diciembre de 2016                          )	2016	44198	Royuela	410	230	11	13	12	58	17	29	27	13
Catastro (diciembre de 2016                          )	2016	44199	Rubiales	98	60	5	3	4	4	10	9	1	2
Catastro (diciembre de 2016                          )	2016	44200	Rubielos de la Cérida	151	106	0	7	7	24	2	2	3	0
Catastro (diciembre de 2016                          )	2016	44201	Rubielos de Mora	1520	470	6	71	63	172	94	438	171	35
Catastro (diciembre de 2016                          )	2016	44203	Salcedillo	48	26	1	1	5	11	2	2	0	0
Catastro (diciembre de 2016                          )	2016	44204	Saldón	195	134	2	0	2	14	4	8	2	29
Catastro (diciembre de 2016                          )	2016	44205	Samper de Calanda	926	677	12	36	54	61	64	21	0	1
Catastro (diciembre de 2016                          )	2016	44206	San Agustín	603	283	6	26	67	24	24	158	7	8
Catastro (diciembre de 2016                          )	2016	44207	San Martín del Río	578	397	6	8	33	39	50	31	11	3
Catastro (diciembre de 2016                          )	2016	44208	Santa Cruz de Nogueras	115	85	0	2	9	10	3	5	1	0
Catastro (diciembre de 2016                          )	2016	44209	Santa Eulalia	1085	504	91	110	98	104	56	100	19	3
Catastro (diciembre de 2016                          )	2016	44210	Sarrión	1391	486	26	62	214	251	141	163	47	1
Catastro (diciembre de 2016                          )	2016	44211	Segura de los Baños	208	84	2	8	25	52	8	12	17	0
Catastro (diciembre de 2016                          )	2016	44212	Seno	135	58	0	4	24	34	7	5	2	1
Catastro (diciembre de 2016                          )	2016	44213	Singra	185	86	16	21	30	28	4	0	0	0
Catastro (diciembre de 2016                          )	2016	44215	Terriente	353	289	5	4	4	27	3	6	14	1
Catastro (diciembre de 2016                          )	2016	44216	Teruel	36099	2737	1094	2785	5551	6181	5890	8808	3020	33
Catastro (diciembre de 2016                          )	2016	44217	Toril y Masegoso	119	90	3	0	1	8	5	7	4	1
Catastro (diciembre de 2016                          )	2016	44218	Tormón	117	75	3	0	3	13	8	5	4	6
Catastro (diciembre de 2016                          )	2016	44219	Tornos	437	300	8	8	19	29	10	42	8	13
Catastro (diciembre de 2016                          )	2016	44220	Torralba de los Sisones	255	191	13	11	8	9	8	12	0	3
Catastro (diciembre de 2016                          )	2016	44221	Torrecilla de Alcañiz	464	303	5	4	24	37	35	49	7	0
Catastro (diciembre de 2016                          )	2016	44222	Torrecilla del Rebollar	310	215	3	3	12	34	11	30	2	0
Catastro (diciembre de 2016                          )	2016	44223	Torre de Arcas	160	64	1	7	33	50	5	0	0	0
Catastro (diciembre de 2016                          )	2016	44224	Torre de las Arcas	144	71	3	11	24	18	3	11	3	0
Catastro (diciembre de 2016                          )	2016	44225	Torre del Compte	332	171	6	9	26	52	28	36	4	0
Catastro (diciembre de 2016                          )	2016	44226	Torrelacárcel	306	195	21	20	28	29	6	4	2	1
Catastro (diciembre de 2016                          )	2016	44227	Torre los Negros	213	85	10	15	39	43	8	8	5	0
Catastro (diciembre de 2016                          )	2016	44228	Torremocha de Jiloca	207	143	13	13	10	17	10	0	1	0
Catastro (diciembre de 2016                          )	2016	44229	Torres de Albarracín	370	177	6	15	25	43	11	11	13	69
Catastro (diciembre de 2016                          )	2016	44230	Torrevelilla	278	147	14	25	35	15	22	9	11	0
Catastro (diciembre de 2016                          )	2016	44231	Torrijas	308	195	2	4	41	30	14	16	6	0
Catastro (diciembre de 2016                          )	2016	44232	Torrijo del Campo	554	288	23	24	51	54	42	55	11	6
Catastro (diciembre de 2016                          )	2016	44234	Tramacastiel	276	203	4	13	11	15	7	11	8	4
Catastro (diciembre de 2016                          )	2016	44235	Tramacastilla	273	179	7	7	14	34	26	6	0	0
Catastro (diciembre de 2016                          )	2016	44236	Tronchón	281	266	2	0	0	4	3	6	0	0
Catastro (diciembre de 2016                          )	2016	44237	Urrea de Gaén	562	351	19	26	37	71	40	13	4	1
Catastro (diciembre de 2016                          )	2016	44238	Utrillas	2716	301	190	475	666	748	29	293	13	1
Catastro (diciembre de 2016                          )	2016	44239	Valacloche	76	54	1	3	2	2	0	14	0	0
Catastro (diciembre de 2016                          )	2016	44240	Valbona	512	337	5	3	17	47	27	48	28	0
Catastro (diciembre de 2016                          )	2016	44241	Valdealgorfa	768	136	7	10	22	60	51	57	24	401
Catastro (diciembre de 2016                          )	2016	44243	Valdecuenca	184	134	3	2	3	18	14	3	4	3
Catastro (diciembre de 2016                          )	2016	44244	Valdelinares	316	191	1	0	3	8	14	97	2	0
Catastro (diciembre de 2016                          )	2016	44245	Valdeltormo	453	109	13	43	114	108	47	14	5	0
Catastro (diciembre de 2016                          )	2016	44246	Valderrobres	2357	718	68	84	146	229	304	583	198	27
Catastro (diciembre de 2016                          )	2016	44247	Valjunquera	434	283	7	10	37	54	17	18	8	0
Catastro (diciembre de 2016                          )	2016	44249	Vallecillo (El)	229	111	1	3	0	11	2	12	5	84
Catastro (diciembre de 2016                          )	2016	44250	Veguillas de la Sierra	110	55	3	4	1	8	8	14	8	9
Catastro (diciembre de 2016                          )	2016	44251	Villafranca del Campo	317	219	18	15	25	25	5	2	3	5
Catastro (diciembre de 2016                          )	2016	44252	Villahermosa del Campo	179	32	18	14	27	20	29	33	5	1
Catastro (diciembre de 2016                          )	2016	44256	Villanueva del Rebollar de la Sierra	128	54	2	4	17	32	10	7	2	0
Catastro (diciembre de 2016                          )	2016	44257	Villar del Cobo	338	199	0	5	17	52	40	23	2	0
Catastro (diciembre de 2016                          )	2016	44258	Villar del Salz	164	132	1	1	10	8	8	2	2	0
Catastro (diciembre de 2016                          )	2016	44260	Villarluengo	384	220	9	21	47	57	9	15	4	2
Catastro (diciembre de 2016                          )	2016	44261	Villarquemado	617	320	63	41	49	53	27	32	29	3
Catastro (diciembre de 2016                          )	2016	44262	Villarroya de los Pinares	283	213	0	4	2	30	8	20	5	1
Catastro (diciembre de 2016                          )	2016	44263	Villastar	611	233	11	13	22	36	16	260	2	18
Catastro (diciembre de 2016                          )	2016	44264	Villel	494	348	17	20	26	35	22	17	9	0
Catastro (diciembre de 2016                          )	2016	44265	Vinaceite	290	168	15	22	43	8	11	15	7	1
Catastro (diciembre de 2016                          )	2016	44266	Visiedo	228	111	3	25	37	34	6	10	2	0
Catastro (diciembre de 2016                          )	2016	44267	Vivel del Río Martín	292	134	5	20	40	72	11	4	3	3
Catastro (diciembre de 2016                          )	2016	44268	Zoma (La)	80	46	0	8	15	3	3	2	3	0
Catastro (diciembre de 2016                          )	2016	50001	Abanto	293	262	0	0	17	7	0	1	0	6
Catastro (diciembre de 2016                          )	2016	50002	Acered	355	283	0	5	16	21	20	10	0	0
Catastro (diciembre de 2016                          )	2016	50003	Agón	175	97	4	15	25	26	1	6	0	1
Catastro (diciembre de 2016                          )	2016	50004	Aguarón	883	449	9	13	152	112	26	106	11	5
Catastro (diciembre de 2016                          )	2016	50005	Aguilón	494	328	37	65	21	20	6	13	4	0
Catastro (diciembre de 2016                          )	2016	50006	Ainzón	1055	463	33	34	119	153	111	119	20	3
Catastro (diciembre de 2016                          )	2016	50007	Aladrén	194	164	0	0	7	9	11	3	0	0
Catastro (diciembre de 2016                          )	2016	50008	Alagón	5142	863	136	362	416	835	479	1651	398	2
Catastro (diciembre de 2016                          )	2016	50009	Alarba	218	161	1	0	5	21	17	13	0	0
Catastro (diciembre de 2016                          )	2016	50010	Alberite de San Juan	108	81	0	0	9	1	0	12	2	3
Catastro (diciembre de 2016                          )	2016	50011	Albeta	168	101	7	2	17	18	6	17	0	0
Catastro (diciembre de 2016                          )	2016	50012	Alborge	172	152	3	2	4	4	5	2	0	0
Catastro (diciembre de 2016                          )	2016	50013	Alcalá de Ebro	260	143	16	31	16	12	6	35	1	0
Catastro (diciembre de 2016                          )	2016	50014	Alcalá de Moncayo	325	193	0	0	30	3	21	43	26	9
Catastro (diciembre de 2016                          )	2016	50015	Alconchel de Ariza	457	306	5	6	36	25	23	27	14	15
Catastro (diciembre de 2016                          )	2016	50016	Aldehuela de Liestos	147	129	0	0	1	8	8	0	1	0
Catastro (diciembre de 2016                          )	2016	50017	Alfajarín	1602	177	53	119	258	310	185	430	69	1
Catastro (diciembre de 2016                          )	2016	50018	Alfamén	949	302	13	41	180	202	81	106	15	9
Catastro (diciembre de 2016                          )	2016	50019	Alforque	158	123	6	0	8	3	14	3	1	0
Catastro (diciembre de 2016                          )	2016	50020	Alhama de Aragón	1303	542	41	47	228	149	130	138	16	12
Catastro (diciembre de 2016                          )	2016	50021	Almochuel	88	65	0	0	7	0	1	4	0	11
Catastro (diciembre de 2016                          )	2016	50022	Almolda (La)	518	277	8	20	128	72	6	2	1	4
Catastro (diciembre de 2016                          )	2016	50023	Almonacid de la Cuba	446	283	55	38	24	14	5	16	10	1
Catastro (diciembre de 2016                          )	2016	50024	Almonacid de la Sierra	1120	617	8	16	108	216	72	60	22	1
Catastro (diciembre de 2016                          )	2016	50025	Almunia de Doña Godina (La)	4762	530	100	297	652	928	846	1268	128	13
Catastro (diciembre de 2016                          )	2016	50026	Alpartir	527	214	42	55	91	62	23	33	6	1
Catastro (diciembre de 2016                          )	2016	50027	Ambel	518	298	69	34	26	35	27	21	7	1
Catastro (diciembre de 2016                          )	2016	50028	Anento	200	138	3	1	3	25	7	16	7	0
Catastro (diciembre de 2016                          )	2016	50029	Aniñón	912	344	152	71	81	113	125	23	3	0
Catastro (diciembre de 2016                          )	2016	50030	Añón de Moncayo	759	384	12	6	33	50	178	79	16	1
Catastro (diciembre de 2016                          )	2016	50031	Aranda de Moncayo	532	359	16	20	44	50	15	16	0	12
Catastro (diciembre de 2016                          )	2016	50032	Arándiga	682	441	63	28	33	60	31	21	4	1
Catastro (diciembre de 2016                          )	2016	50033	Ardisa	160	124	3	0	8	10	3	10	2	0
Catastro (diciembre de 2016                          )	2016	50034	Ariza	1490	728	29	20	185	342	68	87	21	10
Catastro (diciembre de 2016                          )	2016	50035	Artieda	139	102	3	9	5	8	2	10	0	0
Catastro (diciembre de 2016                          )	2016	50036	Asín	182	158	0	0	5	8	1	8	2	0
Catastro (diciembre de 2016                          )	2016	50037	Atea	568	376	57	54	26	34	10	6	5	0
Catastro (diciembre de 2016                          )	2016	50038	Ateca	1799	498	213	274	256	257	166	122	12	1
Catastro (diciembre de 2016                          )	2016	50039	Azuara	1102	518	156	97	129	122	7	22	3	48
Catastro (diciembre de 2016                          )	2016	50040	Badules	191	140	0	0	29	6	3	0	4	9
Catastro (diciembre de 2016                          )	2016	50041	Bagüés	45	23	1	0	1	3	7	10	0	0
Catastro (diciembre de 2016                          )	2016	50042	Balconchán	81	73	0	0	3	1	2	1	0	1
Catastro (diciembre de 2016                          )	2016	50043	Bárboles	383	199	7	6	49	83	32	3	1	3
Catastro (diciembre de 2016                          )	2016	50044	Bardallur	367	227	3	1	32	61	9	22	10	2
Catastro (diciembre de 2016                          )	2016	50045	Belchite	1157	428	138	338	30	85	85	51	2	0
Catastro (diciembre de 2016                          )	2016	50046	Belmonte de Gracián	332	205	39	6	32	42	3	3	0	2
Catastro (diciembre de 2016                          )	2016	50047	Berdejo	133	109	0	0	3	6	5	7	3	0
Catastro (diciembre de 2016                          )	2016	50048	Berrueco	79	68	0	0	1	6	2	2	0	0
Catastro (diciembre de 2016                          )	2016	50050	Bijuesca	359	332	0	0	5	13	4	3	2	0
Catastro (diciembre de 2016                          )	2016	50051	Biota	999	212	38	40	40	66	66	71	6	460
Catastro (diciembre de 2016                          )	2016	50052	Bisimbre	128	82	4	10	9	9	6	6	1	1
Catastro (diciembre de 2016                          )	2016	50053	Boquiñeni	671	262	58	58	67	102	49	65	8	2
Catastro (diciembre de 2016                          )	2016	50054	Bordalba	225	198	0	0	3	7	7	10	0	0
Catastro (diciembre de 2016                          )	2016	50055	Borja	5205	1314	130	194	757	562	637	1519	35	57
Catastro (diciembre de 2016                          )	2016	50056	Botorrita	463	91	23	25	71	118	30	96	7	2
Catastro (diciembre de 2016                          )	2016	50057	Brea de Aragón	1638	331	59	46	299	507	235	124	8	29
Catastro (diciembre de 2016                          )	2016	50058	Bubierca	273	261	0	0	3	0	2	1	0	6
Catastro (diciembre de 2016                          )	2016	50059	Bujaraloz	733	150	38	93	203	108	48	71	16	6
Catastro (diciembre de 2016                          )	2016	50060	Bulbuente	422	303	13	11	31	14	20	23	5	2
Catastro (diciembre de 2016                          )	2016	50061	Bureta	281	212	4	10	14	22	7	11	1	0
Catastro (diciembre de 2016                          )	2016	50062	Burgo de Ebro (El)	2258	199	20	117	256	403	326	874	62	1
Catastro (diciembre de 2016                          )	2016	50063	Buste (El)	206	155	5	11	4	15	6	6	4	0
Catastro (diciembre de 2016                          )	2016	50064	Cabañas de Ebro	386	98	46	29	40	85	15	53	17	3
Catastro (diciembre de 2016                          )	2016	50065	Cabolafuente	254	198	1	0	16	9	4	16	6	4
Catastro (diciembre de 2016                          )	2016	50066	Cadrete	4269	121	17	34	316	750	317	2499	212	3
Catastro (diciembre de 2016                          )	2016	50067	Calatayud	20436	2883	451	1067	3349	1751	3911	6164	855	5
Catastro (diciembre de 2016                          )	2016	50068	Calatorao	1897	549	175	292	210	195	165	305	5	1
Catastro (diciembre de 2016                          )	2016	50069	Calcena	208	137	4	4	8	2	14	35	3	1
Catastro (diciembre de 2016                          )	2016	50070	Calmarza	209	96	12	18	11	35	12	5	4	16
Catastro (diciembre de 2016                          )	2016	50071	Campillo de Aragón	304	234	0	0	63	5	1	1	0	0
Catastro (diciembre de 2016                          )	2016	50072	Carenas	578	146	73	173	96	39	16	24	11	0
Catastro (diciembre de 2016                          )	2016	50073	Cariñena	2807	479	79	181	438	429	262	774	163	2
Catastro (diciembre de 2016                          )	2016	50074	Caspe	8152	1320	210	928	1407	1482	1205	1339	185	76
Catastro (diciembre de 2016                          )	2016	50075	Castejón de Alarba	184	162	1	0	14	1	5	1	0	0
Catastro (diciembre de 2016                          )	2016	50076	Castejón de las Armas	249	189	0	2	8	10	13	9	6	12
Catastro (diciembre de 2016                          )	2016	50077	Castejón de Valdejasa	412	346	0	1	20	5	22	15	2	1
Catastro (diciembre de 2016                          )	2016	50078	Castiliscar	390	267	0	0	96	3	18	5	1	0
Catastro (diciembre de 2016                          )	2016	50079	Cervera de la Cañada	471	286	25	29	25	46	31	24	4	1
Catastro (diciembre de 2016                          )	2016	50080	Cerveruela	243	221	0	1	0	6	8	2	3	2
Catastro (diciembre de 2016                          )	2016	50081	Cetina	838	243	138	209	98	73	28	44	4	1
Catastro (diciembre de 2016                          )	2016	50082	Cimballa	329	250	0	0	48	19	7	5	0	0
Catastro (diciembre de 2016                          )	2016	50083	Cinco Olivas	196	157	6	5	6	7	4	6	5	0
Catastro (diciembre de 2016                          )	2016	50084	Clarés de Ribota	337	286	0	0	5	24	1	14	7	0
Catastro (diciembre de 2016                          )	2016	50085	Codo	350	177	21	18	39	58	16	14	6	1
Catastro (diciembre de 2016                          )	2016	50086	Codos	584	290	29	59	72	72	37	22	0	3
Catastro (diciembre de 2016                          )	2016	50087	Contamina	115	106	0	0	5	3	0	0	0	1
Catastro (diciembre de 2016                          )	2016	50088	Cosuenda	636	359	3	1	41	165	23	24	14	6
Catastro (diciembre de 2016                          )	2016	50089	Cuarte de Huerva	10815	24	13	94	697	635	471	7997	880	4
Catastro (diciembre de 2016                          )	2016	50090	Cubel	374	156	32	23	52	54	15	31	11	0
Catastro (diciembre de 2016                          )	2016	50091	Cuerlas (Las)	223	181	1	0	5	23	3	6	4	0
Catastro (diciembre de 2016                          )	2016	50092	Chiprana	586	238	21	122	101	73	13	11	5	2
Catastro (diciembre de 2016                          )	2016	50093	Chodes	216	130	20	16	16	18	7	5	3	1
Catastro (diciembre de 2016                          )	2016	50094	Daroca	2170	982	39	67	341	247	166	310	12	6
Catastro (diciembre de 2016                          )	2016	50095	Ejea de los Caballeros	14162	1528	537	2567	1792	1754	1561	3729	678	16
Catastro (diciembre de 2016                          )	2016	50096	Embid de Ariza	202	145	0	17	22	1	3	5	4	5
Catastro (diciembre de 2016                          )	2016	50098	Encinacorba	435	309	0	1	48	3	17	12	2	43
Catastro (diciembre de 2016                          )	2016	50099	Épila	3302	1228	38	248	516	344	358	476	40	54
Catastro (diciembre de 2016                          )	2016	50100	Erla	448	176	80	72	33	41	11	27	6	2
Catastro (diciembre de 2016                          )	2016	50101	Escatrón	1507	671	424	112	40	59	102	68	31	0
Catastro (diciembre de 2016                          )	2016	50102	Fabara	1076	639	1	5	210	61	63	83	12	2
Catastro (diciembre de 2016                          )	2016	50104	Farlete	334	111	32	44	46	42	32	16	5	6
Catastro (diciembre de 2016                          )	2016	50105	Fayón	384	1	0	173	86	41	29	44	9	1
Catastro (diciembre de 2016                          )	2016	50106	Fayos (Los)	275	216	6	3	9	25	3	8	5	0
Catastro (diciembre de 2016                          )	2016	50107	Figueruelas	843	107	26	20	131	225	95	224	15	0
Catastro (diciembre de 2016                          )	2016	50108	Fombuena	111	75	6	1	1	11	2	7	6	2
Catastro (diciembre de 2016                          )	2016	50109	Frago (El)	213	175	0	1	8	5	2	7	7	8
Catastro (diciembre de 2016                          )	2016	50110	Frasno (El)	809	278	107	142	142	96	24	15	2	3
Catastro (diciembre de 2016                          )	2016	50111	Fréscano	233	94	16	33	14	37	25	10	3	1
Catastro (diciembre de 2016                          )	2016	50113	Fuendejalón	702	357	31	48	91	78	45	45	4	3
Catastro (diciembre de 2016                          )	2016	50114	Fuendetodos	212	115	17	20	29	13	10	7	1	0
Catastro (diciembre de 2016                          )	2016	50115	Fuentes de Ebro	3315	432	126	186	192	450	469	1009	131	320
Catastro (diciembre de 2016                          )	2016	50116	Fuentes de Jiloca	496	370	2	1	51	35	17	16	1	3
Catastro (diciembre de 2016                          )	2016	50117	Gallocanta	271	176	39	20	9	19	3	2	3	0
Catastro (diciembre de 2016                          )	2016	50118	Gallur	2239	145	136	82	69	184	150	311	40	1122
Catastro (diciembre de 2016                          )	2016	50119	Gelsa	841	383	19	71	108	119	57	72	9	3
Catastro (diciembre de 2016                          )	2016	50120	Godojos	174	126	4	2	21	20	0	1	0	0
Catastro (diciembre de 2016                          )	2016	50121	Gotor	453	174	50	36	42	66	43	30	6	6
Catastro (diciembre de 2016                          )	2016	50122	Grisel	148	106	0	3	3	14	2	8	3	9
Catastro (diciembre de 2016                          )	2016	50123	Grisén	457	119	62	20	18	90	25	120	2	1
Catastro (diciembre de 2016                          )	2016	50124	Herrera de los Navarros	1099	542	126	85	82	115	43	69	35	2
Catastro (diciembre de 2016                          )	2016	50125	Ibdes	957	330	59	46	64	174	46	33	1	204
Catastro (diciembre de 2016                          )	2016	50126	Illueca	3000	293	16	225	555	1088	394	420	6	3
Catastro (diciembre de 2016                          )	2016	50128	Isuerre	95	73	0	0	1	7	10	4	0	0
Catastro (diciembre de 2016                          )	2016	50129	Jaraba	453	232	9	9	26	87	32	52	6	0
Catastro (diciembre de 2016                          )	2016	50130	Jarque	954	500	32	28	141	128	55	42	7	21
Catastro (diciembre de 2016                          )	2016	50131	Jaulín	334	160	29	50	32	31	13	10	8	1
Catastro (diciembre de 2016                          )	2016	50132	Joyosa (La)	539	38	74	29	26	31	22	289	30	0
Catastro (diciembre de 2016                          )	2016	50133	Lagata	229	163	0	1	20	18	12	12	3	0
Catastro (diciembre de 2016                          )	2016	50134	Langa del Castillo	3158	187	19	49	77	26	3	1	0	2796
Catastro (diciembre de 2016                          )	2016	50135	Layana	163	122	0	0	33	3	2	2	1	0
Catastro (diciembre de 2016                          )	2016	50136	Lécera	846	426	29	40	69	153	62	59	6	2
Catastro (diciembre de 2016                          )	2016	50137	Leciñena	859	294	43	70	132	107	49	124	39	1
Catastro (diciembre de 2016                          )	2016	50138	Lechón	75	50	0	0	12	2	4	2	5	0
Catastro (diciembre de 2016                          )	2016	50139	Letux	463	288	7	25	43	49	27	24	0	0
Catastro (diciembre de 2016                          )	2016	50140	Litago	369	171	56	15	57	28	19	19	4	0
Catastro (diciembre de 2016                          )	2016	50141	Lituénigo	300	231	0	0	41	7	16	5	0	0
Catastro (diciembre de 2016                          )	2016	50142	Lobera de Onsella	186	178	0	0	2	1	2	2	0	1
Catastro (diciembre de 2016                          )	2016	50143	Longares	766	386	0	7	75	187	48	57	3	3
Catastro (diciembre de 2016                          )	2016	50144	Longás	103	82	0	3	0	4	7	4	3	0
Catastro (diciembre de 2016                          )	2016	50146	Lucena de Jalón	380	142	11	47	74	48	17	36	5	0
Catastro (diciembre de 2016                          )	2016	50147	Luceni	842	328	67	91	56	130	36	130	2	2
Catastro (diciembre de 2016                          )	2016	50148	Luesia	536	336	9	17	42	56	27	32	10	7
Catastro (diciembre de 2016                          )	2016	50149	Luesma	159	151	1	3	1	3	0	0	0	0
Catastro (diciembre de 2016                          )	2016	50150	Lumpiaque	906	391	47	44	118	131	44	113	15	3
Catastro (diciembre de 2016                          )	2016	50151	Luna	938	130	39	42	19	29	37	63	16	563
Catastro (diciembre de 2016                          )	2016	50152	Maella	1563	600	5	46	315	345	110	95	20	27
Catastro (diciembre de 2016                          )	2016	50153	Magallón	1039	424	106	71	70	175	73	107	12	1
Catastro (diciembre de 2016                          )	2016	50154	Mainar	213	135	0	2	35	11	19	7	3	1
Catastro (diciembre de 2016                          )	2016	50155	Malanquilla	309	275	1	0	4	10	4	10	5	0
Catastro (diciembre de 2016                          )	2016	50156	Maleján	258	168	1	0	53	19	7	8	2	0
Catastro (diciembre de 2016                          )	2016	50157	Malón	424	269	17	10	31	60	7	28	2	0
Catastro (diciembre de 2016                          )	2016	50159	Maluenda	873	326	92	78	60	125	119	66	5	2
Catastro (diciembre de 2016                          )	2016	50160	Mallén	2112	614	110	225	163	321	216	428	34	1
Catastro (diciembre de 2016                          )	2016	50161	Manchones	274	229	1	0	11	3	11	12	4	3
Catastro (diciembre de 2016                          )	2016	50162	Mara	321	226	3	3	41	9	31	7	0	1
Catastro (diciembre de 2016                          )	2016	50163	María de Huerva	3468	124	20	34	164	184	487	2346	108	1
Catastro (diciembre de 2016                          )	2016	50164	Mediana de Aragón	387	197	33	25	22	25	24	43	16	2
Catastro (diciembre de 2016                          )	2016	50165	Mequinenza	2021	48	1	4	930	601	94	296	43	4
Catastro (diciembre de 2016                          )	2016	50166	Mesones de Isuela	500	275	53	49	33	53	11	21	5	0
Catastro (diciembre de 2016                          )	2016	50167	Mezalocha	298	169	2	4	90	1	20	10	1	1
Catastro (diciembre de 2016                          )	2016	50168	Mianos	48	38	0	0	0	2	5	3	0	0
Catastro (diciembre de 2016                          )	2016	50169	Miedes de Aragón	540	360	2	0	48	58	41	20	9	2
Catastro (diciembre de 2016                          )	2016	50170	Monegrillo	345	190	5	26	50	22	15	32	4	1
Catastro (diciembre de 2016                          )	2016	50171	Moneva	252	190	25	8	9	10	4	6	0	0
Catastro (diciembre de 2016                          )	2016	50172	Monreal de Ariza	406	300	2	1	38	20	21	10	6	8
Catastro (diciembre de 2016                          )	2016	50173	Monterde	400	234	22	4	45	37	3	7	0	48
Catastro (diciembre de 2016                          )	2016	50174	Montón	232	183	0	1	4	9	18	9	2	6
Catastro (diciembre de 2016                          )	2016	50175	Morata de Jalón	1430	771	88	158	107	151	75	64	13	3
Catastro (diciembre de 2016                          )	2016	50176	Morata de Jiloca	462	366	0	3	44	16	17	5	1	10
Catastro (diciembre de 2016                          )	2016	50177	Morés	774	473	15	13	94	99	13	45	4	18
Catastro (diciembre de 2016                          )	2016	50178	Moros	768	599	1	1	81	29	39	13	4	1
Catastro (diciembre de 2016                          )	2016	50179	Moyuela	558	332	53	12	32	71	39	16	3	0
Catastro (diciembre de 2016                          )	2016	50180	Mozota	235	128	0	0	86	4	4	13	0	0
Catastro (diciembre de 2016                          )	2016	50181	Muel	1559	500	5	5	368	127	114	427	11	2
Catastro (diciembre de 2016                          )	2016	50182	Muela (La)	6436	211	3	10	279	387	309	4650	539	48
Catastro (diciembre de 2016                          )	2016	50183	Munébrega	531	367	19	1	17	31	56	36	3	1
Catastro (diciembre de 2016                          )	2016	50184	Murero	270	220	1	2	5	15	8	9	9	1
Catastro (diciembre de 2016                          )	2016	50185	Murillo de Gállego	379	207	27	23	17	55	15	20	12	3
Catastro (diciembre de 2016                          )	2016	50186	Navardún	138	117	2	0	3	3	2	11	0	0
Catastro (diciembre de 2016                          )	2016	50187	Nigüella	221	160	19	12	8	14	2	5	1	0
Catastro (diciembre de 2016                          )	2016	50188	Nombrevilla	112	85	0	1	2	5	13	3	3	0
Catastro (diciembre de 2016                          )	2016	50189	Nonaspe	1056	297	103	165	71	259	40	104	16	1
Catastro (diciembre de 2016                          )	2016	50190	Novallas	827	386	14	19	50	80	93	172	12	1
Catastro (diciembre de 2016                          )	2016	50191	Novillas	453	156	24	111	41	44	34	37	6	0
Catastro (diciembre de 2016                          )	2016	50192	Nuévalos	333	108	1	0	124	3	78	7	0	12
Catastro (diciembre de 2016                          )	2016	50193	Nuez de Ebro	616	64	19	34	76	174	69	164	15	1
Catastro (diciembre de 2016                          )	2016	50194	Olvés	256	202	13	1	5	17	12	3	0	3
Catastro (diciembre de 2016                          )	2016	50195	Orcajo	180	167	0	2	5	1	1	2	2	0
Catastro (diciembre de 2016                          )	2016	50196	Orera	175	123	1	0	8	27	9	3	4	0
Catastro (diciembre de 2016                          )	2016	50197	Orés	262	231	0	0	6	0	5	10	4	6
Catastro (diciembre de 2016                          )	2016	50198	Oseja	125	90	6	0	2	2	13	9	1	2
Catastro (diciembre de 2016                          )	2016	50199	Osera de Ebro	453	63	19	23	51	166	40	85	5	1
Catastro (diciembre de 2016                          )	2016	50200	Paniza	747	389	9	20	96	114	27	79	12	1
Catastro (diciembre de 2016                          )	2016	50201	Paracuellos de Jiloca	563	172	38	78	55	75	41	96	0	8
Catastro (diciembre de 2016                          )	2016	50202	Paracuellos de la Ribera	387	303	2	2	24	13	11	4	0	28
Catastro (diciembre de 2016                          )	2016	50203	Pastriz	970	93	114	42	94	233	175	196	23	0
Catastro (diciembre de 2016                          )	2016	50204	Pedrola	2375	398	154	122	181	456	342	698	24	0
Catastro (diciembre de 2016                          )	2016	50205	Pedrosas (Las)	185	117	1	2	12	2	2	49	0	0
Catastro (diciembre de 2016                          )	2016	50206	Perdiguera	480	190	36	34	39	26	64	80	11	0
Catastro (diciembre de 2016                          )	2016	50207	Piedratajada	175	114	2	1	17	11	9	17	2	2
Catastro (diciembre de 2016                          )	2016	50208	Pina de Ebro	1569	315	86	162	207	308	158	302	30	1
Catastro (diciembre de 2016                          )	2016	50209	Pinseque	3218	180	54	67	279	413	444	1753	23	5
Catastro (diciembre de 2016                          )	2016	50210	Pintanos (Los)	172	138	0	0	5	21	0	6	2	0
Catastro (diciembre de 2016                          )	2016	50211	Plasencia de Jalón	400	214	0	0	32	92	21	39	1	1
Catastro (diciembre de 2016                          )	2016	50212	Pleitas	79	52	0	0	12	1	7	4	1	2
Catastro (diciembre de 2016                          )	2016	50213	Plenas	416	302	32	8	15	28	12	14	5	0
Catastro (diciembre de 2016                          )	2016	50214	Pomer	167	120	1	0	1	3	13	22	6	1
Catastro (diciembre de 2016                          )	2016	50215	Pozuel de Ariza	217	203	3	2	4	5	0	0	0	0
Catastro (diciembre de 2016                          )	2016	50216	Pozuelo de Aragón	337	217	5	19	29	38	8	13	8	0
Catastro (diciembre de 2016                          )	2016	50217	Pradilla de Ebro	524	189	36	132	68	39	30	20	10	0
Catastro (diciembre de 2016                          )	2016	50218	Puebla de Albortón	187	131	0	12	9	14	8	9	4	0
Catastro (diciembre de 2016                          )	2016	50219	Puebla de Alfindén (La)	6206	156	26	68	301	247	835	3069	442	1062
Catastro (diciembre de 2016                          )	2016	50220	Puendeluna	126	98	0	0	6	10	1	11	0	0
Catastro (diciembre de 2016                          )	2016	50221	Purujosa	88	49	7	3	6	2	6	12	3	0
Catastro (diciembre de 2016                          )	2016	50222	Quinto	1403	450	83	114	234	232	130	103	42	15
Catastro (diciembre de 2016                          )	2016	50223	Remolinos	792	207	206	109	119	43	56	36	12	4
Catastro (diciembre de 2016                          )	2016	50224	Retascón	142	111	2	1	8	7	1	6	3	3
Catastro (diciembre de 2016                          )	2016	50225	Ricla	2008	635	84	88	190	276	120	588	26	1
Catastro (diciembre de 2016                          )	2016	50227	Romanos	175	93	5	31	4	27	7	4	2	2
Catastro (diciembre de 2016                          )	2016	50228	Rueda de Jalón	349	238	23	21	16	31	13	7	0	0
Catastro (diciembre de 2016                          )	2016	50229	Ruesca	93	64	3	0	10	5	6	5	0	0
Catastro (diciembre de 2016                          )	2016	50230	Sádaba	1349	513	95	279	144	112	92	105	5	4
Catastro (diciembre de 2016                          )	2016	50231	Salillas de Jalón	419	244	11	6	33	56	18	46	4	1
Catastro (diciembre de 2016                          )	2016	50232	Salvatierra de Esca	364	257	11	13	7	27	30	19	0	0
Catastro (diciembre de 2016                          )	2016	50233	Samper del Salz	192	59	4	22	24	17	21	33	11	1
Catastro (diciembre de 2016                          )	2016	50234	San Martín de la Virgen de Moncayo	592	259	18	15	50	84	37	104	24	1
Catastro (diciembre de 2016                          )	2016	50235	San Mateo de Gállego	2560	334	59	84	438	242	335	993	71	4
Catastro (diciembre de 2016                          )	2016	50236	Santa Cruz de Grío	433	319	1	0	22	52	9	5	0	25
Catastro (diciembre de 2016                          )	2016	50237	Santa Cruz de Moncayo	167	94	13	1	27	7	8	14	2	1
Catastro (diciembre de 2016                          )	2016	50238	Santa Eulalia de Gállego	238	156	10	13	11	32	3	11	0	2
Catastro (diciembre de 2016                          )	2016	50239	Santed	143	115	2	0	1	7	5	13	0	0
Catastro (diciembre de 2016                          )	2016	50240	Sástago	1088	608	117	30	88	124	63	34	18	6
Catastro (diciembre de 2016                          )	2016	50241	Saviñán	700	349	63	53	76	69	33	48	7	2
Catastro (diciembre de 2016                          )	2016	50242	Sediles	190	121	0	0	12	7	24	15	3	8
Catastro (diciembre de 2016                          )	2016	50243	Sestrica	732	455	32	41	35	98	33	26	11	1
Catastro (diciembre de 2016                          )	2016	50244	Sierra de Luna	348	256	2	1	24	13	11	35	6	0
Catastro (diciembre de 2016                          )	2016	50245	Sigüés	255	197	0	1	24	9	6	5	5	8
Catastro (diciembre de 2016                          )	2016	50246	Sisamón	306	254	3	2	24	15	4	1	3	0
Catastro (diciembre de 2016                          )	2016	50247	Sobradiel	654	51	67	40	25	44	51	320	56	0
Catastro (diciembre de 2016                          )	2016	50248	Sos del Rey Católico	996	263	52	33	47	11	92	193	8	297
Catastro (diciembre de 2016                          )	2016	50249	Tabuenca	720	336	183	52	38	37	37	32	5	0
Catastro (diciembre de 2016                          )	2016	50250	Talamantes	210	175	1	1	1	6	7	14	5	0
Catastro (diciembre de 2016                          )	2016	50251	Tarazona	10915	2594	308	476	1683	1801	1765	1826	461	1
Catastro (diciembre de 2016                          )	2016	50252	Tauste	5500	687	318	987	951	841	608	1015	90	3
Catastro (diciembre de 2016                          )	2016	50253	Terrer	641	106	162	168	67	19	22	72	1	24
Catastro (diciembre de 2016                          )	2016	50254	Tierga	403	262	4	7	65	24	13	9	4	15
Catastro (diciembre de 2016                          )	2016	50255	Tobed	421	183	43	48	73	47	13	10	1	3
Catastro (diciembre de 2016                          )	2016	50256	Torralba de los Frailes	304	248	0	0	11	24	14	4	0	3
Catastro (diciembre de 2016                          )	2016	50257	Torralba de Ribota	369	234	1	1	13	30	47	35	2	6
Catastro (diciembre de 2016                          )	2016	50258	Torralbilla	223	145	8	3	23	23	9	6	4	2
Catastro (diciembre de 2016                          )	2016	50259	Torrehermosa	185	138	1	2	18	16	8	2	0	0
Catastro (diciembre de 2016                          )	2016	50260	Torrelapaja	125	107	3	0	3	2	2	8	0	0
Catastro (diciembre de 2016                          )	2016	50261	Torrellas	498	308	10	21	24	21	11	99	4	0
Catastro (diciembre de 2016                          )	2016	50262	Torres de Berrellén	1076	143	80	120	191	160	87	234	7	54
Catastro (diciembre de 2016                          )	2016	50263	Torrijo de la Cañada	652	557	9	4	31	11	25	9	0	6
Catastro (diciembre de 2016                          )	2016	50264	Tosos	413	282	1	0	73	22	10	12	13	0
Catastro (diciembre de 2016                          )	2016	50265	Trasmoz	200	152	3	1	7	9	9	17	2	0
Catastro (diciembre de 2016                          )	2016	50266	Trasobares	563	211	45	152	53	61	2	3	0	36
Catastro (diciembre de 2016                          )	2016	50267	Uncastillo	940	598	52	45	71	47	71	45	10	1
Catastro (diciembre de 2016                          )	2016	50268	Undués de Lerda	151	144	0	0	0	0	0	3	3	1
Catastro (diciembre de 2016                          )	2016	50269	Urrea de Jalón	427	255	11	12	58	51	16	22	1	1
Catastro (diciembre de 2016                          )	2016	50270	Urriés	166	133	2	0	0	1	6	22	1	1
Catastro (diciembre de 2016                          )	2016	50271	Used	576	314	43	38	80	46	34	12	9	0
Catastro (diciembre de 2016                          )	2016	50272	Utebo	13868	255	148	432	1316	2365	2128	6357	372	495
Catastro (diciembre de 2016                          )	2016	50273	Valdehorna	126	112	0	0	5	2	5	1	0	1
Catastro (diciembre de 2016                          )	2016	50274	Val de San Martín	168	132	1	0	3	4	23	4	1	0
Catastro (diciembre de 2016                          )	2016	50275	Valmadrid	119	66	18	6	9	7	2	10	1	0
Catastro (diciembre de 2016                          )	2016	50276	Valpalmas	195	152	0	0	15	6	14	5	2	1
Catastro (diciembre de 2016                          )	2016	50277	Valtorres	227	72	23	61	23	27	3	12	6	0
Catastro (diciembre de 2016                          )	2016	50278	Velilla de Ebro	296	177	8	6	20	48	14	22	0	1
Catastro (diciembre de 2016                          )	2016	50279	Velilla de Jiloca	271	152	4	5	40	47	12	4	6	1
Catastro (diciembre de 2016                          )	2016	50280	Vera de Moncayo	687	483	1	1	72	24	47	53	5	1
Catastro (diciembre de 2016                          )	2016	50281	Vierlas	123	80	8	15	4	12	1	3	0	0
Catastro (diciembre de 2016                          )	2016	50282	Vilueña (La)	183	72	17	37	10	30	8	8	0	1
Catastro (diciembre de 2016                          )	2016	50283	Villadoz	176	111	5	15	6	17	7	5	5	5
Catastro (diciembre de 2016                          )	2016	50284	Villafeliche	421	241	40	26	22	45	23	24	0	0
Catastro (diciembre de 2016                          )	2016	50285	Villafranca de Ebro	689	147	40	74	81	62	64	216	4	1
Catastro (diciembre de 2016                          )	2016	50286	Villalba de Perejil	126	75	0	1	13	11	15	4	3	4
Catastro (diciembre de 2016                          )	2016	50287	Villalengua	509	388	1	1	24	27	43	7	16	2
Catastro (diciembre de 2016                          )	2016	50288	Villanueva de Gállego	3469	293	100	196	286	394	511	1231	430	28
Catastro (diciembre de 2016                          )	2016	50289	Villanueva de Jiloca	244	208	0	1	10	16	5	4	0	0
Catastro (diciembre de 2016                          )	2016	50290	Villanueva de Huerva	658	350	6	3	173	64	33	23	3	3
Catastro (diciembre de 2016                          )	2016	50291	Villar de los Navarros	444	325	2	10	32	40	8	16	9	2
Catastro (diciembre de 2016                          )	2016	50292	Villarreal de Huerva	276	106	22	32	16	43	17	33	4	3
Catastro (diciembre de 2016                          )	2016	50293	Villarroya de la Sierra	1093	850	2	6	61	92	41	33	7	1
Catastro (diciembre de 2016                          )	2016	50294	Villarroya del Campo	147	93	19	2	4	12	7	9	1	0
Catastro (diciembre de 2016                          )	2016	50295	Vistabella	300	154	82	3	16	23	12	7	2	1
Catastro (diciembre de 2016                          )	2016	50296	Zaida (La)	465	170	22	62	53	100	28	24	6	0
Catastro (diciembre de 2016                          )	2016	50297	Zaragoza	498701	23712	25412	81515	116136	83455	59559	87819	21063	30
Catastro (diciembre de 2016                          )	2016	50298	Zuera	6402	469	291	442	1131	588	626	2299	554	2
Catastro (diciembre de 2016                          )	2016	50901	Biel	5746	45	155	33	181	51	10	34	5	5232
Catastro (diciembre de 2016                          )	2016	50902	Marracos	128	90	0	0	25	3	2	3	2	3
Catastro (diciembre de 2016                          )	2016	50903	Villamayor de Gállego	1786	355	101	162	258	223	400	188	78	21