Año	Sexo	Comarca Código	Comarca Nombre	Nº Accidentes	Grupo Grado Código	Grupo Grado Código
2018	Hombres	01	La Jacetania	115	Leves	1
2018	Hombres	02	Alto Gállego	96	Leves	1
2018	Hombres	03	Sobrarbe	40	Leves	1
2018	Hombres	04	La Ribagorza	103	Leves	1
2018	Hombres	05	Cinco Villas	399	Leves	1
2018	Hombres	06	Hoya de Huesca / Plana de Uesca	618	Leves	1
2018	Hombres	07	Somontano de Barbastro	203	Leves	1
2018	Hombres	08	Cinca Medio	391	Leves	1
2018	Hombres	09	La Litera / La Llitera	298	Leves	1
2018	Hombres	10	Los Monegros	152	Leves	1
2018	Hombres	11	Bajo Cinca / Baix Cinca	317	Leves	1
2018	Hombres	12	Tarazona y el Moncayo	136	Leves	1
2018	Hombres	13	Campo de Borja	126	Leves	1
2018	Hombres	14	Aranda	34	Leves	1
2018	Hombres	15	Ribera Alta del Ebro	656	Leves	1
2018	Hombres	16	Valdejalón	524	Leves	1
2018	Hombres	17	Central	5861	Leves	1
2018	Hombres	18	Ribera Baja del Ebro	87	Leves	1
2018	Hombres	19	Bajo Aragón-Caspe / Baix Aragó-Casp	106	Leves	1
2018	Hombres	20	Comunidad de Calatayud	223	Leves	1
2018	Hombres	21	Campo de Cariñena	135	Leves	1
2018	Hombres	22	Campo de Belchite	25	Leves	1
2018	Hombres	23	Bajo Martín	102	Leves	1
2018	Hombres	24	Campo de Daroca	42	Leves	1
2018	Hombres	25	Jiloca	94	Leves	1
2018	Hombres	26	Cuencas Mineras	58	Leves	1
2018	Hombres	27	Andorra-Sierra de Arcos	63	Leves	1
2018	Hombres	28	Bajo Aragón	207	Leves	1
2018	Hombres	29	Comunidad de Teruel	473	Leves	1
2018	Hombres	30	Maestrazgo	7	Leves	1
2018	Hombres	31	Sierra de Albarracín	25	Leves	1
2018	Hombres	32	Gúdar-Javalambre	83	Leves	1
2018	Hombres	33	Matarraña / Matarranya	71	Leves	1
2018	Hombres	NC	Municipio del centro de trabajo fuera de Aragón	127	Leves	1
2018	Mujeres	01	La Jacetania	72	Leves	1
2018	Mujeres	02	Alto Gállego	52	Leves	1
2018	Mujeres	03	Sobrarbe	20	Leves	1
2018	Mujeres	04	La Ribagorza	41	Leves	1
2018	Mujeres	05	Cinco Villas	97	Leves	1
2018	Mujeres	06	Hoya de Huesca / Plana de Uesca	249	Leves	1
2018	Mujeres	07	Somontano de Barbastro	82	Leves	1
2018	Mujeres	08	Cinca Medio	74	Leves	1
2018	Mujeres	09	La Litera / La Llitera	46	Leves	1
2018	Mujeres	10	Los Monegros	41	Leves	1
2018	Mujeres	11	Bajo Cinca / Baix Cinca	92	Leves	1
2018	Mujeres	12	Tarazona y el Moncayo	31	Leves	1
2018	Mujeres	13	Campo de Borja	54	Leves	1
2018	Mujeres	14	Aranda	11	Leves	1
2018	Mujeres	15	Ribera Alta del Ebro	211	Leves	1
2018	Mujeres	16	Valdejalón	167	Leves	1
2018	Mujeres	17	Central	3453	Leves	1
2018	Mujeres	18	Ribera Baja del Ebro	43	Leves	1
2018	Mujeres	19	Bajo Aragón-Caspe / Baix Aragó-Casp	38	Leves	1
2018	Mujeres	20	Comunidad de Calatayud	128	Leves	1
2018	Mujeres	21	Campo de Cariñena	36	Leves	1
2018	Mujeres	22	Campo de Belchite	5	Leves	1
2018	Mujeres	23	Bajo Martín	13	Leves	1
2018	Mujeres	24	Campo de Daroca	14	Leves	1
2018	Mujeres	25	Jiloca	37	Leves	1
2018	Mujeres	26	Cuencas Mineras	30	Leves	1
2018	Mujeres	27	Andorra-Sierra de Arcos	22	Leves	1
2018	Mujeres	28	Bajo Aragón	73	Leves	1
2018	Mujeres	29	Comunidad de Teruel	219	Leves	1
2018	Mujeres	30	Maestrazgo	1	Leves	1
2018	Mujeres	31	Sierra de Albarracín	15	Leves	1
2018	Mujeres	32	Gúdar-Javalambre	20	Leves	1
2018	Mujeres	33	Matarraña / Matarranya	21	Leves	1
2018	Mujeres	NC	Municipio del centro de trabajo fuera de Aragón	21	Leves	1
2017	Hombres	01	La Jacetania	122	Leves	1
2017	Hombres	02	Alto Gállego	102	Leves	1
2017	Hombres	03	Sobrarbe	30	Leves	1
2017	Hombres	04	La Ribagorza	94	Leves	1
2017	Hombres	05	Cinco Villas	364	Leves	1
2017	Hombres	06	Hoya de Huesca / Plana de Uesca	601	Leves	1
2017	Hombres	07	Somontano de Barbastro	173	Leves	1
2017	Hombres	08	Cinca Medio	359	Leves	1
2017	Hombres	09	La Litera / La Llitera	213	Leves	1
2017	Hombres	10	Los Monegros	152	Leves	1
2017	Hombres	11	Bajo Cinca / Baix Cinca	329	Leves	1
2017	Hombres	12	Tarazona y el Moncayo	73	Leves	1
2017	Hombres	13	Campo de Borja	153	Leves	1
2017	Hombres	14	Aranda	24	Leves	1
2017	Hombres	15	Ribera Alta del Ebro	607	Leves	1
2017	Hombres	16	Valdejalón	469	Leves	1
2017	Hombres	17	Central	5528	Leves	1
2017	Hombres	18	Ribera Baja del Ebro	79	Leves	1
2017	Hombres	19	Bajo Aragón-Caspe / Baix Aragó-Casp	143	Leves	1
2017	Hombres	20	Comunidad de Calatayud	201	Leves	1
2017	Hombres	21	Campo de Cariñena	124	Leves	1
2017	Hombres	22	Campo de Belchite	11	Leves	1
2017	Hombres	23	Bajo Martín	61	Leves	1
2017	Hombres	24	Campo de Daroca	45	Leves	1
2017	Hombres	25	Jiloca	73	Leves	1
2017	Hombres	26	Cuencas Mineras	81	Leves	1
2017	Hombres	27	Andorra-Sierra de Arcos	54	Leves	1
2017	Hombres	28	Bajo Aragón	201	Leves	1
2017	Hombres	29	Comunidad de Teruel	416	Leves	1
2017	Hombres	30	Maestrazgo	8	Leves	1
2017	Hombres	31	Sierra de Albarracín	21	Leves	1
2017	Hombres	32	Gúdar-Javalambre	66	Leves	1
2017	Hombres	33	Matarraña / Matarranya	58	Leves	1
2017	Hombres	NC	Municipio del centro de trabajo fuera de Aragón	103	Leves	1
2017	Mujeres	01	La Jacetania	60	Leves	1
2017	Mujeres	02	Alto Gállego	48	Leves	1
2017	Mujeres	03	Sobrarbe	16	Leves	1
2017	Mujeres	04	La Ribagorza	46	Leves	1
2017	Mujeres	05	Cinco Villas	93	Leves	1
2017	Mujeres	06	Hoya de Huesca / Plana de Uesca	233	Leves	1
2017	Mujeres	07	Somontano de Barbastro	75	Leves	1
2017	Mujeres	08	Cinca Medio	66	Leves	1
2017	Mujeres	09	La Litera / La Llitera	66	Leves	1
2017	Mujeres	10	Los Monegros	29	Leves	1
2017	Mujeres	11	Bajo Cinca / Baix Cinca	127	Leves	1
2017	Mujeres	12	Tarazona y el Moncayo	27	Leves	1
2017	Mujeres	13	Campo de Borja	54	Leves	1
2017	Mujeres	14	Aranda	11	Leves	1
2017	Mujeres	15	Ribera Alta del Ebro	194	Leves	1
2017	Mujeres	16	Valdejalón	172	Leves	1
2017	Mujeres	17	Central	3330	Leves	1
2017	Mujeres	18	Ribera Baja del Ebro	37	Leves	1
2017	Mujeres	19	Bajo Aragón-Caspe / Baix Aragó-Casp	35	Leves	1
2017	Mujeres	20	Comunidad de Calatayud	86	Leves	1
2017	Mujeres	21	Campo de Cariñena	36	Leves	1
2017	Mujeres	22	Campo de Belchite	1	Leves	1
2017	Mujeres	23	Bajo Martín	10	Leves	1
2017	Mujeres	24	Campo de Daroca	16	Leves	1
2017	Mujeres	25	Jiloca	31	Leves	1
2017	Mujeres	26	Cuencas Mineras	28	Leves	1
2017	Mujeres	27	Andorra-Sierra de Arcos	29	Leves	1
2017	Mujeres	28	Bajo Aragón	62	Leves	1
2017	Mujeres	29	Comunidad de Teruel	187	Leves	1
2017	Mujeres	30	Maestrazgo	4	Leves	1
2017	Mujeres	31	Sierra de Albarracín	15	Leves	1
2017	Mujeres	32	Gúdar-Javalambre	22	Leves	1
2017	Mujeres	33	Matarraña / Matarranya	17	Leves	1
2017	Mujeres	NC	Municipio del centro de trabajo fuera de Aragón	19	Leves	1
2016	Hombres	01	La Jacetania	111	Leves	1
2016	Hombres	02	Alto Gállego	96	Leves	1
2016	Hombres	03	Sobrarbe	37	Leves	1
2016	Hombres	04	La Ribagorza	85	Leves	1
2016	Hombres	05	Cinco Villas	259	Leves	1
2016	Hombres	06	Hoya de Huesca / Plana de Uesca	513	Leves	1
2016	Hombres	07	Somontano de Barbastro	164	Leves	1
2016	Hombres	08	Cinca Medio	324	Leves	1
2016	Hombres	09	La Litera / La Llitera	206	Leves	1
2016	Hombres	10	Los Monegros	170	Leves	1
2016	Hombres	11	Bajo Cinca / Baix Cinca	308	Leves	1
2016	Hombres	12	Tarazona y el Moncayo	80	Leves	1
2016	Hombres	13	Campo de Borja	118	Leves	1
2016	Hombres	14	Aranda	34	Leves	1
2016	Hombres	15	Ribera Alta del Ebro	469	Leves	1
2016	Hombres	16	Valdejalón	432	Leves	1
2016	Hombres	17	Central	5173	Leves	1
2016	Hombres	18	Ribera Baja del Ebro	51	Leves	1
2016	Hombres	19	Bajo Aragón-Caspe / Baix Aragó-Casp	105	Leves	1
2016	Hombres	20	Comunidad de Calatayud	209	Leves	1
2016	Hombres	21	Campo de Cariñena	103	Leves	1
2016	Hombres	22	Campo de Belchite	30	Leves	1
2016	Hombres	23	Bajo Martín	87	Leves	1
2016	Hombres	24	Campo de Daroca	36	Leves	1
2016	Hombres	25	Jiloca	89	Leves	1
2016	Hombres	26	Cuencas Mineras	102	Leves	1
2016	Hombres	27	Andorra-Sierra de Arcos	143	Leves	1
2016	Hombres	28	Bajo Aragón	157	Leves	1
2016	Hombres	29	Comunidad de Teruel	404	Leves	1
2016	Hombres	30	Maestrazgo	12	Leves	1
2016	Hombres	31	Sierra de Albarracín	24	Leves	1
2016	Hombres	32	Gúdar-Javalambre	55	Leves	1
2016	Hombres	33	Matarraña / Matarranya	61	Leves	1
2016	Hombres	NC	Municipio del centro de trabajo fuera de Aragón	110	Leves	1
2016	Mujeres	01	La Jacetania	44	Leves	1
2016	Mujeres	02	Alto Gállego	30	Leves	1
2016	Mujeres	03	Sobrarbe	17	Leves	1
2016	Mujeres	04	La Ribagorza	45	Leves	1
2016	Mujeres	05	Cinco Villas	75	Leves	1
2016	Mujeres	06	Hoya de Huesca / Plana de Uesca	242	Leves	1
2016	Mujeres	07	Somontano de Barbastro	96	Leves	1
2016	Mujeres	08	Cinca Medio	58	Leves	1
2016	Mujeres	09	La Litera / La Llitera	40	Leves	1
2016	Mujeres	10	Los Monegros	26	Leves	1
2016	Mujeres	11	Bajo Cinca / Baix Cinca	87	Leves	1
2016	Mujeres	12	Tarazona y el Moncayo	31	Leves	1
2016	Mujeres	13	Campo de Borja	54	Leves	1
2016	Mujeres	14	Aranda	15	Leves	1
2016	Mujeres	15	Ribera Alta del Ebro	128	Leves	1
2016	Mujeres	16	Valdejalón	156	Leves	1
2016	Mujeres	17	Central	3305	Leves	1
2016	Mujeres	18	Ribera Baja del Ebro	38	Leves	1
2016	Mujeres	19	Bajo Aragón-Caspe / Baix Aragó-Casp	39	Leves	1
2016	Mujeres	20	Comunidad de Calatayud	93	Leves	1
2016	Mujeres	21	Campo de Cariñena	24	Leves	1
2016	Mujeres	22	Campo de Belchite	5	Leves	1
2016	Mujeres	23	Bajo Martín	11	Leves	1
2016	Mujeres	24	Campo de Daroca	7	Leves	1
2016	Mujeres	25	Jiloca	33	Leves	1
2016	Mujeres	26	Cuencas Mineras	28	Leves	1
2016	Mujeres	27	Andorra-Sierra de Arcos	31	Leves	1
2016	Mujeres	28	Bajo Aragón	85	Leves	1
2016	Mujeres	29	Comunidad de Teruel	236	Leves	1
2016	Mujeres	30	Maestrazgo	4	Leves	1
2016	Mujeres	31	Sierra de Albarracín	18	Leves	1
2016	Mujeres	32	Gúdar-Javalambre	21	Leves	1
2016	Mujeres	33	Matarraña / Matarranya	18	Leves	1
2016	Mujeres	NC	Municipio del centro de trabajo fuera de Aragón	24	Leves	1
2015	Hombres	01	La Jacetania	82	Leves	1
2015	Hombres	02	Alto Gállego	68	Leves	1
2015	Hombres	03	Sobrarbe	29	Leves	1
2015	Hombres	04	La Ribagorza	87	Leves	1
2015	Hombres	05	Cinco Villas	291	Leves	1
2015	Hombres	06	Hoya de Huesca / Plana de Uesca	487	Leves	1
2015	Hombres	07	Somontano de Barbastro	180	Leves	1
2015	Hombres	08	Cinca Medio	247	Leves	1
2015	Hombres	09	La Litera / La Llitera	208	Leves	1
2015	Hombres	10	Los Monegros	161	Leves	1
2015	Hombres	11	Bajo Cinca / Baix Cinca	265	Leves	1
2015	Hombres	12	Tarazona y el Moncayo	111	Leves	1
2015	Hombres	13	Campo de Borja	98	Leves	1
2015	Hombres	14	Aranda	31	Leves	1
2015	Hombres	15	Ribera Alta del Ebro	456	Leves	1
2015	Hombres	16	Valdejalón	376	Leves	1
2015	Hombres	17	Central	4799	Leves	1
2015	Hombres	18	Ribera Baja del Ebro	72	Leves	1
2015	Hombres	19	Bajo Aragón-Caspe / Baix Aragó-Casp	102	Leves	1
2015	Hombres	20	Comunidad de Calatayud	164	Leves	1
2015	Hombres	21	Campo de Cariñena	115	Leves	1
2015	Hombres	22	Campo de Belchite	20	Leves	1
2015	Hombres	23	Bajo Martín	59	Leves	1
2015	Hombres	24	Campo de Daroca	49	Leves	1
2015	Hombres	25	Jiloca	70	Leves	1
2015	Hombres	26	Cuencas Mineras	61	Leves	1
2015	Hombres	27	Andorra-Sierra de Arcos	107	Leves	1
2015	Hombres	28	Bajo Aragón	109	Leves	1
2015	Hombres	29	Comunidad de Teruel	252	Leves	1
2015	Hombres	30	Maestrazgo	13	Leves	1
2015	Hombres	31	Sierra de Albarracín	14	Leves	1
2015	Hombres	32	Gúdar-Javalambre	40	Leves	1
2015	Hombres	33	Matarraña / Matarranya	50	Leves	1
2015	Hombres	NC	Municipio del centro de trabajo fuera de Aragón	64	Leves	1
2015	Mujeres	01	La Jacetania	49	Leves	1
2015	Mujeres	02	Alto Gállego	38	Leves	1
2015	Mujeres	03	Sobrarbe	25	Leves	1
2015	Mujeres	04	La Ribagorza	33	Leves	1
2015	Mujeres	05	Cinco Villas	74	Leves	1
2015	Mujeres	06	Hoya de Huesca / Plana de Uesca	229	Leves	1
2015	Mujeres	07	Somontano de Barbastro	74	Leves	1
2015	Mujeres	08	Cinca Medio	58	Leves	1
2015	Mujeres	09	La Litera / La Llitera	50	Leves	1
2015	Mujeres	10	Los Monegros	28	Leves	1
2015	Mujeres	11	Bajo Cinca / Baix Cinca	78	Leves	1
2015	Mujeres	12	Tarazona y el Moncayo	25	Leves	1
2015	Mujeres	13	Campo de Borja	40	Leves	1
2015	Mujeres	14	Aranda	16	Leves	1
2015	Mujeres	15	Ribera Alta del Ebro	107	Leves	1
2015	Mujeres	16	Valdejalón	127	Leves	1
2015	Mujeres	17	Central	3090	Leves	1
2015	Mujeres	18	Ribera Baja del Ebro	39	Leves	1
2015	Mujeres	19	Bajo Aragón-Caspe / Baix Aragó-Casp	42	Leves	1
2015	Mujeres	20	Comunidad de Calatayud	99	Leves	1
2015	Mujeres	21	Campo de Cariñena	26	Leves	1
2015	Mujeres	22	Campo de Belchite	5	Leves	1
2015	Mujeres	23	Bajo Martín	9	Leves	1
2015	Mujeres	24	Campo de Daroca	9	Leves	1
2015	Mujeres	25	Jiloca	17	Leves	1
2015	Mujeres	26	Cuencas Mineras	25	Leves	1
2015	Mujeres	27	Andorra-Sierra de Arcos	20	Leves	1
2015	Mujeres	28	Bajo Aragón	48	Leves	1
2015	Mujeres	29	Comunidad de Teruel	128	Leves	1
2015	Mujeres	31	Sierra de Albarracín	8	Leves	1
2015	Mujeres	32	Gúdar-Javalambre	18	Leves	1
2015	Mujeres	33	Matarraña / Matarranya	5	Leves	1
2015	Mujeres	NC	Municipio del centro de trabajo fuera de Aragón	11	Leves	1
2014	Hombres	01	La Jacetania	83	Leves	1
2014	Hombres	02	Alto Gállego	76	Leves	1
2014	Hombres	03	Sobrarbe	31	Leves	1
2014	Hombres	04	La Ribagorza	78	Leves	1
2014	Hombres	05	Cinco Villas	225	Leves	1
2014	Hombres	06	Hoya de Huesca / Plana de Uesca	471	Leves	1
2014	Hombres	07	Somontano de Barbastro	160	Leves	1
2014	Hombres	08	Cinca Medio	219	Leves	1
2014	Hombres	09	La Litera / La Llitera	175	Leves	1
2014	Hombres	10	Los Monegros	104	Leves	1
2014	Hombres	11	Bajo Cinca / Baix Cinca	251	Leves	1
2014	Hombres	12	Tarazona y el Moncayo	54	Leves	1
2014	Hombres	13	Campo de Borja	91	Leves	1
2014	Hombres	14	Aranda	32	Leves	1
2014	Hombres	15	Ribera Alta del Ebro	367	Leves	1
2014	Hombres	16	Valdejalón	358	Leves	1
2014	Hombres	17	Central	4257	Leves	1
2014	Hombres	18	Ribera Baja del Ebro	61	Leves	1
2014	Hombres	19	Bajo Aragón-Caspe / Baix Aragó-Casp	71	Leves	1
2014	Hombres	20	Comunidad de Calatayud	171	Leves	1
2014	Hombres	21	Campo de Cariñena	95	Leves	1
2014	Hombres	22	Campo de Belchite	15	Leves	1
2014	Hombres	23	Bajo Martín	56	Leves	1
2014	Hombres	24	Campo de Daroca	47	Leves	1
2014	Hombres	25	Jiloca	79	Leves	1
2014	Hombres	26	Cuencas Mineras	75	Leves	1
2014	Hombres	27	Andorra-Sierra de Arcos	100	Leves	1
2014	Hombres	28	Bajo Aragón	131	Leves	1
2014	Hombres	29	Comunidad de Teruel	306	Leves	1
2014	Hombres	30	Maestrazgo	7	Leves	1
2014	Hombres	31	Sierra de Albarracín	11	Leves	1
2014	Hombres	32	Gúdar-Javalambre	47	Leves	1
2014	Hombres	33	Matarraña / Matarranya	28	Leves	1
2014	Hombres	NC	Municipio del centro de trabajo fuera de Aragón	83	Leves	1
2014	Mujeres	01	La Jacetania	63	Leves	1
2014	Mujeres	02	Alto Gállego	32	Leves	1
2014	Mujeres	03	Sobrarbe	17	Leves	1
2014	Mujeres	04	La Ribagorza	39	Leves	1
2014	Mujeres	05	Cinco Villas	69	Leves	1
2014	Mujeres	06	Hoya de Huesca / Plana de Uesca	217	Leves	1
2014	Mujeres	07	Somontano de Barbastro	54	Leves	1
2014	Mujeres	08	Cinca Medio	61	Leves	1
2014	Mujeres	09	La Litera / La Llitera	38	Leves	1
2014	Mujeres	10	Los Monegros	18	Leves	1
2014	Mujeres	11	Bajo Cinca / Baix Cinca	88	Leves	1
2014	Mujeres	12	Tarazona y el Moncayo	18	Leves	1
2014	Mujeres	13	Campo de Borja	39	Leves	1
2014	Mujeres	14	Aranda	15	Leves	1
2014	Mujeres	15	Ribera Alta del Ebro	88	Leves	1
2014	Mujeres	16	Valdejalón	120	Leves	1
2014	Mujeres	17	Central	2846	Leves	1
2014	Mujeres	18	Ribera Baja del Ebro	21	Leves	1
2014	Mujeres	19	Bajo Aragón-Caspe / Baix Aragó-Casp	29	Leves	1
2014	Mujeres	20	Comunidad de Calatayud	96	Leves	1
2014	Mujeres	21	Campo de Cariñena	18	Leves	1
2014	Mujeres	22	Campo de Belchite	1	Leves	1
2014	Mujeres	23	Bajo Martín	11	Leves	1
2014	Mujeres	24	Campo de Daroca	14	Leves	1
2014	Mujeres	25	Jiloca	19	Leves	1
2014	Mujeres	26	Cuencas Mineras	29	Leves	1
2014	Mujeres	27	Andorra-Sierra de Arcos	25	Leves	1
2014	Mujeres	28	Bajo Aragón	72	Leves	1
2014	Mujeres	29	Comunidad de Teruel	149	Leves	1
2014	Mujeres	30	Maestrazgo	1	Leves	1
2014	Mujeres	31	Sierra de Albarracín	6	Leves	1
2014	Mujeres	32	Gúdar-Javalambre	11	Leves	1
2014	Mujeres	33	Matarraña / Matarranya	10	Leves	1
2014	Mujeres	NC	Municipio del centro de trabajo fuera de Aragón	18	Leves	1
2013	Hombres	01	La Jacetania	123	Leves	1
2013	Hombres	02	Alto Gállego	62	Leves	1
2013	Hombres	03	Sobrarbe	29	Leves	1
2013	Hombres	04	La Ribagorza	76	Leves	1
2013	Hombres	05	Cinco Villas	197	Leves	1
2013	Hombres	06	Hoya de Huesca / Plana de Uesca	396	Leves	1
2013	Hombres	07	Somontano de Barbastro	156	Leves	1
2013	Hombres	08	Cinca Medio	213	Leves	1
2013	Hombres	09	La Litera / La Llitera	166	Leves	1
2013	Hombres	10	Los Monegros	123	Leves	1
2013	Hombres	11	Bajo Cinca / Baix Cinca	218	Leves	1
2013	Hombres	12	Tarazona y el Moncayo	56	Leves	1
2013	Hombres	13	Campo de Borja	95	Leves	1
2013	Hombres	14	Aranda	25	Leves	1
2013	Hombres	15	Ribera Alta del Ebro	277	Leves	1
2013	Hombres	16	Valdejalón	264	Leves	1
2013	Hombres	17	Central	4333	Leves	1
2013	Hombres	18	Ribera Baja del Ebro	58	Leves	1
2013	Hombres	19	Bajo Aragón-Caspe / Baix Aragó-Casp	90	Leves	1
2013	Hombres	20	Comunidad de Calatayud	177	Leves	1
2013	Hombres	21	Campo de Cariñena	71	Leves	1
2013	Hombres	22	Campo de Belchite	15	Leves	1
2013	Hombres	23	Bajo Martín	43	Leves	1
2013	Hombres	24	Campo de Daroca	44	Leves	1
2013	Hombres	25	Jiloca	56	Leves	1
2013	Hombres	26	Cuencas Mineras	73	Leves	1
2013	Hombres	27	Andorra-Sierra de Arcos	89	Leves	1
2013	Hombres	28	Bajo Aragón	158	Leves	1
2013	Hombres	29	Comunidad de Teruel	307	Leves	1
2013	Hombres	30	Maestrazgo	8	Leves	1
2013	Hombres	31	Sierra de Albarracín	15	Leves	1
2013	Hombres	32	Gúdar-Javalambre	41	Leves	1
2013	Hombres	33	Matarraña / Matarranya	35	Leves	1
2013	Hombres	NC	Municipio del centro de trabajo fuera de Aragón	91	Leves	1
2013	Mujeres	01	La Jacetania	48	Leves	1
2013	Mujeres	02	Alto Gállego	37	Leves	1
2013	Mujeres	03	Sobrarbe	10	Leves	1
2013	Mujeres	04	La Ribagorza	41	Leves	1
2013	Mujeres	05	Cinco Villas	68	Leves	1
2013	Mujeres	06	Hoya de Huesca / Plana de Uesca	219	Leves	1
2013	Mujeres	07	Somontano de Barbastro	59	Leves	1
2013	Mujeres	08	Cinca Medio	58	Leves	1
2013	Mujeres	09	La Litera / La Llitera	39	Leves	1
2013	Mujeres	10	Los Monegros	20	Leves	1
2013	Mujeres	11	Bajo Cinca / Baix Cinca	70	Leves	1
2013	Mujeres	12	Tarazona y el Moncayo	29	Leves	1
2013	Mujeres	13	Campo de Borja	53	Leves	1
2013	Mujeres	14	Aranda	2	Leves	1
2013	Mujeres	15	Ribera Alta del Ebro	81	Leves	1
2013	Mujeres	16	Valdejalón	103	Leves	1
2013	Mujeres	17	Central	2781	Leves	1
2013	Mujeres	18	Ribera Baja del Ebro	36	Leves	1
2013	Mujeres	19	Bajo Aragón-Caspe / Baix Aragó-Casp	29	Leves	1
2013	Mujeres	20	Comunidad de Calatayud	90	Leves	1
2013	Mujeres	21	Campo de Cariñena	27	Leves	1
2013	Mujeres	22	Campo de Belchite	7	Leves	1
2013	Mujeres	23	Bajo Martín	4	Leves	1
2013	Mujeres	24	Campo de Daroca	15	Leves	1
2013	Mujeres	25	Jiloca	27	Leves	1
2013	Mujeres	26	Cuencas Mineras	22	Leves	1
2013	Mujeres	27	Andorra-Sierra de Arcos	17	Leves	1
2013	Mujeres	28	Bajo Aragón	54	Leves	1
2013	Mujeres	29	Comunidad de Teruel	181	Leves	1
2013	Mujeres	30	Maestrazgo	3	Leves	1
2013	Mujeres	31	Sierra de Albarracín	2	Leves	1
2013	Mujeres	32	Gúdar-Javalambre	10	Leves	1
2013	Mujeres	33	Matarraña / Matarranya	7	Leves	1
2013	Mujeres	NC	Municipio del centro de trabajo fuera de Aragón	13	Leves	1
2012	Hombres	01	La Jacetania	82	Leves	1
2012	Hombres	02	Alto Gállego	78	Leves	1
2012	Hombres	03	Sobrarbe	26	Leves	1
2012	Hombres	04	La Ribagorza	70	Leves	1
2012	Hombres	05	Cinco Villas	220	Leves	1
2012	Hombres	06	Hoya de Huesca / Plana de Uesca	417	Leves	1
2012	Hombres	07	Somontano de Barbastro	130	Leves	1
2012	Hombres	08	Cinca Medio	265	Leves	1
2012	Hombres	09	La Litera / La Llitera	148	Leves	1
2012	Hombres	10	Los Monegros	98	Leves	1
2012	Hombres	11	Bajo Cinca / Baix Cinca	246	Leves	1
2012	Hombres	12	Tarazona y el Moncayo	77	Leves	1
2012	Hombres	13	Campo de Borja	100	Leves	1
2012	Hombres	14	Aranda	29	Leves	1
2012	Hombres	15	Ribera Alta del Ebro	370	Leves	1
2012	Hombres	16	Valdejalón	291	Leves	1
2012	Hombres	17	Central	4594	Leves	1
2012	Hombres	18	Ribera Baja del Ebro	62	Leves	1
2012	Hombres	19	Bajo Aragón-Caspe / Baix Aragó-Casp	95	Leves	1
2012	Hombres	20	Comunidad de Calatayud	169	Leves	1
2012	Hombres	21	Campo de Cariñena	93	Leves	1
2012	Hombres	22	Campo de Belchite	18	Leves	1
2012	Hombres	23	Bajo Martín	54	Leves	1
2012	Hombres	24	Campo de Daroca	38	Leves	1
2012	Hombres	25	Jiloca	67	Leves	1
2012	Hombres	26	Cuencas Mineras	77	Leves	1
2012	Hombres	27	Andorra-Sierra de Arcos	125	Leves	1
2012	Hombres	28	Bajo Aragón	156	Leves	1
2012	Hombres	29	Comunidad de Teruel	268	Leves	1
2012	Hombres	30	Maestrazgo	12	Leves	1
2012	Hombres	31	Sierra de Albarracín	17	Leves	1
2012	Hombres	32	Gúdar-Javalambre	45	Leves	1
2012	Hombres	33	Matarraña / Matarranya	33	Leves	1
2012	Hombres	NC	Municipio del centro de trabajo fuera de Aragón	90	Leves	1
2012	Mujeres	01	La Jacetania	44	Leves	1
2012	Mujeres	02	Alto Gállego	26	Leves	1
2012	Mujeres	03	Sobrarbe	15	Leves	1
2012	Mujeres	04	La Ribagorza	22	Leves	1
2012	Mujeres	05	Cinco Villas	51	Leves	1
2012	Mujeres	06	Hoya de Huesca / Plana de Uesca	182	Leves	1
2012	Mujeres	07	Somontano de Barbastro	48	Leves	1
2012	Mujeres	08	Cinca Medio	49	Leves	1
2012	Mujeres	09	La Litera / La Llitera	39	Leves	1
2012	Mujeres	10	Los Monegros	16	Leves	1
2012	Mujeres	11	Bajo Cinca / Baix Cinca	65	Leves	1
2012	Mujeres	12	Tarazona y el Moncayo	32	Leves	1
2012	Mujeres	13	Campo de Borja	59	Leves	1
2012	Mujeres	14	Aranda	12	Leves	1
2012	Mujeres	15	Ribera Alta del Ebro	68	Leves	1
2012	Mujeres	16	Valdejalón	100	Leves	1
2012	Mujeres	17	Central	2491	Leves	1
2012	Mujeres	18	Ribera Baja del Ebro	28	Leves	1
2012	Mujeres	19	Bajo Aragón-Caspe / Baix Aragó-Casp	20	Leves	1
2012	Mujeres	20	Comunidad de Calatayud	76	Leves	1
2012	Mujeres	21	Campo de Cariñena	19	Leves	1
2012	Mujeres	22	Campo de Belchite	3	Leves	1
2012	Mujeres	23	Bajo Martín	6	Leves	1
2012	Mujeres	24	Campo de Daroca	4	Leves	1
2012	Mujeres	25	Jiloca	15	Leves	1
2012	Mujeres	26	Cuencas Mineras	22	Leves	1
2012	Mujeres	27	Andorra-Sierra de Arcos	23	Leves	1
2012	Mujeres	28	Bajo Aragón	50	Leves	1
2012	Mujeres	29	Comunidad de Teruel	127	Leves	1
2012	Mujeres	30	Maestrazgo	5	Leves	1
2012	Mujeres	31	Sierra de Albarracín	7	Leves	1
2012	Mujeres	32	Gúdar-Javalambre	14	Leves	1
2012	Mujeres	33	Matarraña / Matarranya	6	Leves	1
2012	Mujeres	NC	Municipio del centro de trabajo fuera de Aragón	15	Leves	1
2011	Hombres	01	La Jacetania	118	Leves	1
2011	Hombres	02	Alto Gállego	93	Leves	1
2011	Hombres	03	Sobrarbe	33	Leves	1
2011	Hombres	04	La Ribagorza	101	Leves	1
2011	Hombres	05	Cinco Villas	267	Leves	1
2011	Hombres	06	Hoya de Huesca / Plana de Uesca	516	Leves	1
2011	Hombres	07	Somontano de Barbastro	146	Leves	1
2011	Hombres	08	Cinca Medio	280	Leves	1
2011	Hombres	09	La Litera / La Llitera	211	Leves	1
2011	Hombres	10	Los Monegros	124	Leves	1
2011	Hombres	11	Bajo Cinca / Baix Cinca	228	Leves	1
2011	Hombres	12	Tarazona y el Moncayo	107	Leves	1
2011	Hombres	13	Campo de Borja	124	Leves	1
2011	Hombres	14	Aranda	37	Leves	1
2011	Hombres	15	Ribera Alta del Ebro	501	Leves	1
2011	Hombres	16	Valdejalón	386	Leves	1
2011	Hombres	17	Central	5518	Leves	1
2011	Hombres	18	Ribera Baja del Ebro	91	Leves	1
2011	Hombres	19	Bajo Aragón-Caspe / Baix Aragó-Casp	94	Leves	1
2011	Hombres	20	Comunidad de Calatayud	219	Leves	1
2011	Hombres	21	Campo de Cariñena	103	Leves	1
2011	Hombres	22	Campo de Belchite	22	Leves	1
2011	Hombres	23	Bajo Martín	49	Leves	1
2011	Hombres	24	Campo de Daroca	36	Leves	1
2011	Hombres	25	Jiloca	81	Leves	1
2011	Hombres	26	Cuencas Mineras	89	Leves	1
2011	Hombres	27	Andorra-Sierra de Arcos	174	Leves	1
2011	Hombres	28	Bajo Aragón	198	Leves	1
2011	Hombres	29	Comunidad de Teruel	339	Leves	1
2011	Hombres	30	Maestrazgo	16	Leves	1
2011	Hombres	31	Sierra de Albarracín	22	Leves	1
2011	Hombres	32	Gúdar-Javalambre	68	Leves	1
2011	Hombres	33	Matarraña / Matarranya	54	Leves	1
2011	Hombres	NC	Municipio del centro de trabajo fuera de Aragón	153	Leves	1
2011	Mujeres	01	La Jacetania	58	Leves	1
2011	Mujeres	02	Alto Gállego	38	Leves	1
2011	Mujeres	03	Sobrarbe	13	Leves	1
2011	Mujeres	04	La Ribagorza	32	Leves	1
2011	Mujeres	05	Cinco Villas	78	Leves	1
2011	Mujeres	06	Hoya de Huesca / Plana de Uesca	177	Leves	1
2011	Mujeres	07	Somontano de Barbastro	59	Leves	1
2011	Mujeres	08	Cinca Medio	53	Leves	1
2011	Mujeres	09	La Litera / La Llitera	42	Leves	1
2011	Mujeres	10	Los Monegros	17	Leves	1
2011	Mujeres	11	Bajo Cinca / Baix Cinca	70	Leves	1
2011	Mujeres	12	Tarazona y el Moncayo	36	Leves	1
2011	Mujeres	13	Campo de Borja	54	Leves	1
2011	Mujeres	14	Aranda	14	Leves	1
2011	Mujeres	15	Ribera Alta del Ebro	148	Leves	1
2011	Mujeres	16	Valdejalón	149	Leves	1
2011	Mujeres	17	Central	3026	Leves	1
2011	Mujeres	18	Ribera Baja del Ebro	44	Leves	1
2011	Mujeres	19	Bajo Aragón-Caspe / Baix Aragó-Casp	32	Leves	1
2011	Mujeres	20	Comunidad de Calatayud	88	Leves	1
2011	Mujeres	21	Campo de Cariñena	22	Leves	1
2011	Mujeres	22	Campo de Belchite	3	Leves	1
2011	Mujeres	23	Bajo Martín	4	Leves	1
2011	Mujeres	24	Campo de Daroca	16	Leves	1
2011	Mujeres	25	Jiloca	12	Leves	1
2011	Mujeres	26	Cuencas Mineras	43	Leves	1
2011	Mujeres	27	Andorra-Sierra de Arcos	25	Leves	1
2011	Mujeres	28	Bajo Aragón	72	Leves	1
2011	Mujeres	29	Comunidad de Teruel	156	Leves	1
2011	Mujeres	30	Maestrazgo	4	Leves	1
2011	Mujeres	31	Sierra de Albarracín	6	Leves	1
2011	Mujeres	32	Gúdar-Javalambre	17	Leves	1
2011	Mujeres	33	Matarraña / Matarranya	13	Leves	1
2011	Mujeres	NC	Municipio del centro de trabajo fuera de Aragón	24	Leves	1
2010	Hombres	01	La Jacetania	111	Leves	1
2010	Hombres	02	Alto Gállego	127	Leves	1
2010	Hombres	03	Sobrarbe	47	Leves	1
2010	Hombres	04	La Ribagorza	96	Leves	1
2010	Hombres	05	Cinco Villas	305	Leves	1
2010	Hombres	06	Hoya de Huesca / Plana de Uesca	551	Leves	1
2010	Hombres	07	Somontano de Barbastro	175	Leves	1
2010	Hombres	08	Cinca Medio	295	Leves	1
2010	Hombres	09	La Litera / La Llitera	179	Leves	1
2010	Hombres	10	Los Monegros	117	Leves	1
2010	Hombres	11	Bajo Cinca / Baix Cinca	198	Leves	1
2010	Hombres	12	Tarazona y el Moncayo	135	Leves	1
2010	Hombres	13	Campo de Borja	177	Leves	1
2010	Hombres	14	Aranda	50	Leves	1
2010	Hombres	15	Ribera Alta del Ebro	638	Leves	1
2010	Hombres	16	Valdejalón	388	Leves	1
2010	Hombres	17	Central	6247	Leves	1
2010	Hombres	18	Ribera Baja del Ebro	81	Leves	1
2010	Hombres	19	Bajo Aragón-Caspe / Baix Aragó-Casp	100	Leves	1
2010	Hombres	20	Comunidad de Calatayud	235	Leves	1
2010	Hombres	21	Campo de Cariñena	105	Leves	1
2010	Hombres	22	Campo de Belchite	18	Leves	1
2010	Hombres	23	Bajo Martín	71	Leves	1
2010	Hombres	24	Campo de Daroca	48	Leves	1
2010	Hombres	25	Jiloca	84	Leves	1
2010	Hombres	26	Cuencas Mineras	118	Leves	1
2010	Hombres	27	Andorra-Sierra de Arcos	193	Leves	1
2010	Hombres	28	Bajo Aragón	227	Leves	1
2010	Hombres	29	Comunidad de Teruel	398	Leves	1
2010	Hombres	30	Maestrazgo	31	Leves	1
2010	Hombres	31	Sierra de Albarracín	15	Leves	1
2010	Hombres	32	Gúdar-Javalambre	68	Leves	1
2010	Hombres	33	Matarraña / Matarranya	63	Leves	1
2010	Hombres	NC	Municipio del centro de trabajo fuera de Aragón	163	Leves	1
2010	Mujeres	01	La Jacetania	66	Leves	1
2010	Mujeres	02	Alto Gállego	45	Leves	1
2010	Mujeres	03	Sobrarbe	15	Leves	1
2010	Mujeres	04	La Ribagorza	41	Leves	1
2010	Mujeres	05	Cinco Villas	82	Leves	1
2010	Mujeres	06	Hoya de Huesca / Plana de Uesca	247	Leves	1
2010	Mujeres	07	Somontano de Barbastro	60	Leves	1
2010	Mujeres	08	Cinca Medio	45	Leves	1
2010	Mujeres	09	La Litera / La Llitera	45	Leves	1
2010	Mujeres	10	Los Monegros	23	Leves	1
2010	Mujeres	11	Bajo Cinca / Baix Cinca	49	Leves	1
2010	Mujeres	12	Tarazona y el Moncayo	46	Leves	1
2010	Mujeres	13	Campo de Borja	94	Leves	1
2010	Mujeres	14	Aranda	12	Leves	1
2010	Mujeres	15	Ribera Alta del Ebro	211	Leves	1
2010	Mujeres	16	Valdejalón	125	Leves	1
2010	Mujeres	17	Central	3199	Leves	1
2010	Mujeres	18	Ribera Baja del Ebro	36	Leves	1
2010	Mujeres	19	Bajo Aragón-Caspe / Baix Aragó-Casp	32	Leves	1
2010	Mujeres	20	Comunidad de Calatayud	103	Leves	1
2010	Mujeres	21	Campo de Cariñena	30	Leves	1
2010	Mujeres	22	Campo de Belchite	9	Leves	1
2010	Mujeres	23	Bajo Martín	15	Leves	1
2010	Mujeres	24	Campo de Daroca	8	Leves	1
2010	Mujeres	25	Jiloca	34	Leves	1
2010	Mujeres	26	Cuencas Mineras	32	Leves	1
2010	Mujeres	27	Andorra-Sierra de Arcos	27	Leves	1
2010	Mujeres	28	Bajo Aragón	75	Leves	1
2010	Mujeres	29	Comunidad de Teruel	212	Leves	1
2010	Mujeres	30	Maestrazgo	7	Leves	1
2010	Mujeres	31	Sierra de Albarracín	11	Leves	1
2010	Mujeres	32	Gúdar-Javalambre	19	Leves	1
2010	Mujeres	33	Matarraña / Matarranya	11	Leves	1
2010	Mujeres	NC	Municipio del centro de trabajo fuera de Aragón	35	Leves	1
2009	Hombres	01	La Jacetania	186	Leves	1
2009	Hombres	02	Alto Gállego	149	Leves	1
2009	Hombres	03	Sobrarbe	38	Leves	1
2009	Hombres	04	La Ribagorza	146	Leves	1
2009	Hombres	05	Cinco Villas	342	Leves	1
2009	Hombres	06	Hoya de Huesca / Plana de Uesca	614	Leves	1
2009	Hombres	07	Somontano de Barbastro	248	Leves	1
2009	Hombres	08	Cinca Medio	279	Leves	1
2009	Hombres	09	La Litera / La Llitera	201	Leves	1
2009	Hombres	10	Los Monegros	153	Leves	1
2009	Hombres	11	Bajo Cinca / Baix Cinca	214	Leves	1
2009	Hombres	12	Tarazona y el Moncayo	127	Leves	1
2009	Hombres	13	Campo de Borja	150	Leves	1
2009	Hombres	14	Aranda	41	Leves	1
2009	Hombres	15	Ribera Alta del Ebro	496	Leves	1
2009	Hombres	16	Valdejalón	403	Leves	1
2009	Hombres	17	Central	6613	Leves	1
2009	Hombres	18	Ribera Baja del Ebro	92	Leves	1
2009	Hombres	19	Bajo Aragón-Caspe / Baix Aragó-Casp	109	Leves	1
2009	Hombres	20	Comunidad de Calatayud	261	Leves	1
2009	Hombres	21	Campo de Cariñena	172	Leves	1
2009	Hombres	22	Campo de Belchite	24	Leves	1
2009	Hombres	23	Bajo Martín	68	Leves	1
2009	Hombres	24	Campo de Daroca	25	Leves	1
2009	Hombres	25	Jiloca	94	Leves	1
2009	Hombres	26	Cuencas Mineras	96	Leves	1
2009	Hombres	27	Andorra-Sierra de Arcos	233	Leves	1
2009	Hombres	28	Bajo Aragón	266	Leves	1
2009	Hombres	29	Comunidad de Teruel	408	Leves	1
2009	Hombres	30	Maestrazgo	12	Leves	1
2009	Hombres	31	Sierra de Albarracín	24	Leves	1
2009	Hombres	32	Gúdar-Javalambre	59	Leves	1
2009	Hombres	33	Matarraña / Matarranya	53	Leves	1
2009	Hombres	NC	Municipio del centro de trabajo fuera de Aragón	145	Leves	1
2009	Mujeres	01	La Jacetania	59	Leves	1
2009	Mujeres	02	Alto Gállego	36	Leves	1
2009	Mujeres	03	Sobrarbe	13	Leves	1
2009	Mujeres	04	La Ribagorza	36	Leves	1
2009	Mujeres	05	Cinco Villas	93	Leves	1
2009	Mujeres	06	Hoya de Huesca / Plana de Uesca	244	Leves	1
2009	Mujeres	07	Somontano de Barbastro	73	Leves	1
2009	Mujeres	08	Cinca Medio	53	Leves	1
2009	Mujeres	09	La Litera / La Llitera	47	Leves	1
2009	Mujeres	10	Los Monegros	24	Leves	1
2009	Mujeres	11	Bajo Cinca / Baix Cinca	63	Leves	1
2009	Mujeres	12	Tarazona y el Moncayo	33	Leves	1
2009	Mujeres	13	Campo de Borja	81	Leves	1
2009	Mujeres	14	Aranda	17	Leves	1
2009	Mujeres	15	Ribera Alta del Ebro	175	Leves	1
2009	Mujeres	16	Valdejalón	133	Leves	1
2009	Mujeres	17	Central	3312	Leves	1
2009	Mujeres	18	Ribera Baja del Ebro	31	Leves	1
2009	Mujeres	19	Bajo Aragón-Caspe / Baix Aragó-Casp	38	Leves	1
2009	Mujeres	20	Comunidad de Calatayud	100	Leves	1
2009	Mujeres	21	Campo de Cariñena	24	Leves	1
2009	Mujeres	22	Campo de Belchite	11	Leves	1
2009	Mujeres	23	Bajo Martín	24	Leves	1
2009	Mujeres	24	Campo de Daroca	13	Leves	1
2009	Mujeres	25	Jiloca	38	Leves	1
2009	Mujeres	26	Cuencas Mineras	17	Leves	1
2009	Mujeres	27	Andorra-Sierra de Arcos	28	Leves	1
2009	Mujeres	28	Bajo Aragón	78	Leves	1
2009	Mujeres	29	Comunidad de Teruel	162	Leves	1
2009	Mujeres	31	Sierra de Albarracín	9	Leves	1
2009	Mujeres	32	Gúdar-Javalambre	20	Leves	1
2009	Mujeres	33	Matarraña / Matarranya	13	Leves	1
2009	Mujeres	NC	Municipio del centro de trabajo fuera de Aragón	20	Leves	1
2008	Hombres	01	La Jacetania	201	Leves	1
2008	Hombres	02	Alto Gállego	177	Leves	1
2008	Hombres	03	Sobrarbe	72	Leves	1
2008	Hombres	04	La Ribagorza	137	Leves	1
2008	Hombres	05	Cinco Villas	465	Leves	1
2008	Hombres	06	Hoya de Huesca / Plana de Uesca	802	Leves	1
2008	Hombres	07	Somontano de Barbastro	339	Leves	1
2008	Hombres	08	Cinca Medio	393	Leves	1
2008	Hombres	09	La Litera / La Llitera	319	Leves	1
2008	Hombres	10	Los Monegros	172	Leves	1
2008	Hombres	11	Bajo Cinca / Baix Cinca	309	Leves	1
2008	Hombres	12	Tarazona y el Moncayo	211	Leves	1
2008	Hombres	13	Campo de Borja	252	Leves	1
2008	Hombres	14	Aranda	51	Leves	1
2008	Hombres	15	Ribera Alta del Ebro	840	Leves	1
2008	Hombres	16	Valdejalón	532	Leves	1
2008	Hombres	17	Central	9337	Leves	1
2008	Hombres	18	Ribera Baja del Ebro	123	Leves	1
2008	Hombres	19	Bajo Aragón-Caspe / Baix Aragó-Casp	120	Leves	1
2008	Hombres	20	Comunidad de Calatayud	369	Leves	1
2008	Hombres	21	Campo de Cariñena	152	Leves	1
2008	Hombres	22	Campo de Belchite	25	Leves	1
2008	Hombres	23	Bajo Martín	101	Leves	1
2008	Hombres	24	Campo de Daroca	44	Leves	1
2008	Hombres	25	Jiloca	161	Leves	1
2008	Hombres	26	Cuencas Mineras	167	Leves	1
2008	Hombres	27	Andorra-Sierra de Arcos	286	Leves	1
2008	Hombres	28	Bajo Aragón	330	Leves	1
2008	Hombres	29	Comunidad de Teruel	450	Leves	1
2008	Hombres	30	Maestrazgo	24	Leves	1
2008	Hombres	31	Sierra de Albarracín	29	Leves	1
2008	Hombres	32	Gúdar-Javalambre	77	Leves	1
2008	Hombres	33	Matarraña / Matarranya	75	Leves	1
2008	Hombres	NC	Municipio del centro de trabajo fuera de Aragón	233	Leves	1
2008	Mujeres	01	La Jacetania	70	Leves	1
2008	Mujeres	02	Alto Gállego	44	Leves	1
2008	Mujeres	03	Sobrarbe	25	Leves	1
2008	Mujeres	04	La Ribagorza	57	Leves	1
2008	Mujeres	05	Cinco Villas	116	Leves	1
2008	Mujeres	06	Hoya de Huesca / Plana de Uesca	251	Leves	1
2008	Mujeres	07	Somontano de Barbastro	82	Leves	1
2008	Mujeres	08	Cinca Medio	85	Leves	1
2008	Mujeres	09	La Litera / La Llitera	53	Leves	1
2008	Mujeres	10	Los Monegros	13	Leves	1
2008	Mujeres	11	Bajo Cinca / Baix Cinca	83	Leves	1
2008	Mujeres	12	Tarazona y el Moncayo	65	Leves	1
2008	Mujeres	13	Campo de Borja	121	Leves	1
2008	Mujeres	14	Aranda	8	Leves	1
2008	Mujeres	15	Ribera Alta del Ebro	236	Leves	1
2008	Mujeres	16	Valdejalón	165	Leves	1
2008	Mujeres	17	Central	3259	Leves	1
2008	Mujeres	18	Ribera Baja del Ebro	32	Leves	1
2008	Mujeres	19	Bajo Aragón-Caspe / Baix Aragó-Casp	36	Leves	1
2008	Mujeres	20	Comunidad de Calatayud	141	Leves	1
2008	Mujeres	21	Campo de Cariñena	65	Leves	1
2008	Mujeres	22	Campo de Belchite	9	Leves	1
2008	Mujeres	23	Bajo Martín	26	Leves	1
2008	Mujeres	24	Campo de Daroca	10	Leves	1
2008	Mujeres	25	Jiloca	51	Leves	1
2008	Mujeres	26	Cuencas Mineras	39	Leves	1
2008	Mujeres	27	Andorra-Sierra de Arcos	48	Leves	1
2008	Mujeres	28	Bajo Aragón	70	Leves	1
2008	Mujeres	29	Comunidad de Teruel	171	Leves	1
2008	Mujeres	30	Maestrazgo	5	Leves	1
2008	Mujeres	31	Sierra de Albarracín	5	Leves	1
2008	Mujeres	32	Gúdar-Javalambre	21	Leves	1
2008	Mujeres	33	Matarraña / Matarranya	16	Leves	1
2008	Mujeres	NC	Municipio del centro de trabajo fuera de Aragón	26	Leves	1
2007	Hombres	01	La Jacetania	191	Leves	1
2007	Hombres	02	Alto Gállego	206	Leves	1
2007	Hombres	03	Sobrarbe	59	Leves	1
2007	Hombres	04	La Ribagorza	126	Leves	1
2007	Hombres	05	Cinco Villas	529	Leves	1
2007	Hombres	06	Hoya de Huesca / Plana de Uesca	1020	Leves	1
2007	Hombres	07	Somontano de Barbastro	355	Leves	1
2007	Hombres	08	Cinca Medio	377	Leves	1
2007	Hombres	09	La Litera / La Llitera	364	Leves	1
2007	Hombres	10	Los Monegros	194	Leves	1
2007	Hombres	11	Bajo Cinca / Baix Cinca	353	Leves	1
2007	Hombres	12	Tarazona y el Moncayo	211	Leves	1
2007	Hombres	13	Campo de Borja	279	Leves	1
2007	Hombres	14	Aranda	58	Leves	1
2007	Hombres	15	Ribera Alta del Ebro	957	Leves	1
2007	Hombres	16	Valdejalón	630	Leves	1
2007	Hombres	17	Central	10379	Leves	1
2007	Hombres	18	Ribera Baja del Ebro	132	Leves	1
2007	Hombres	19	Bajo Aragón-Caspe / Baix Aragó-Casp	128	Leves	1
2007	Hombres	20	Comunidad de Calatayud	408	Leves	1
2007	Hombres	21	Campo de Cariñena	182	Leves	1
2007	Hombres	22	Campo de Belchite	20	Leves	1
2007	Hombres	23	Bajo Martín	147	Leves	1
2007	Hombres	24	Campo de Daroca	54	Leves	1
2007	Hombres	25	Jiloca	149	Leves	1
2007	Hombres	26	Cuencas Mineras	142	Leves	1
2007	Hombres	27	Andorra-Sierra de Arcos	295	Leves	1
2007	Hombres	28	Bajo Aragón	369	Leves	1
2007	Hombres	29	Comunidad de Teruel	475	Leves	1
2007	Hombres	30	Maestrazgo	27	Leves	1
2007	Hombres	31	Sierra de Albarracín	23	Leves	1
2007	Hombres	32	Gúdar-Javalambre	85	Leves	1
2007	Hombres	33	Matarraña / Matarranya	66	Leves	1
2007	Hombres	NC	Municipio del centro de trabajo fuera de Aragón	252	Leves	1
2007	Mujeres	01	La Jacetania	59	Leves	1
2007	Mujeres	02	Alto Gállego	42	Leves	1
2007	Mujeres	03	Sobrarbe	24	Leves	1
2007	Mujeres	04	La Ribagorza	36	Leves	1
2007	Mujeres	05	Cinco Villas	121	Leves	1
2007	Mujeres	06	Hoya de Huesca / Plana de Uesca	252	Leves	1
2007	Mujeres	07	Somontano de Barbastro	81	Leves	1
2007	Mujeres	08	Cinca Medio	70	Leves	1
2007	Mujeres	09	La Litera / La Llitera	51	Leves	1
2007	Mujeres	10	Los Monegros	30	Leves	1
2007	Mujeres	11	Bajo Cinca / Baix Cinca	74	Leves	1
2007	Mujeres	12	Tarazona y el Moncayo	95	Leves	1
2007	Mujeres	13	Campo de Borja	117	Leves	1
2007	Mujeres	14	Aranda	9	Leves	1
2007	Mujeres	15	Ribera Alta del Ebro	254	Leves	1
2007	Mujeres	16	Valdejalón	166	Leves	1
2007	Mujeres	17	Central	3228	Leves	1
2007	Mujeres	18	Ribera Baja del Ebro	39	Leves	1
2007	Mujeres	19	Bajo Aragón-Caspe / Baix Aragó-Casp	48	Leves	1
2007	Mujeres	20	Comunidad de Calatayud	171	Leves	1
2007	Mujeres	21	Campo de Cariñena	27	Leves	1
2007	Mujeres	22	Campo de Belchite	17	Leves	1
2007	Mujeres	23	Bajo Martín	16	Leves	1
2007	Mujeres	24	Campo de Daroca	19	Leves	1
2007	Mujeres	25	Jiloca	42	Leves	1
2007	Mujeres	26	Cuencas Mineras	40	Leves	1
2007	Mujeres	27	Andorra-Sierra de Arcos	33	Leves	1
2007	Mujeres	28	Bajo Aragón	97	Leves	1
2007	Mujeres	29	Comunidad de Teruel	163	Leves	1
2007	Mujeres	30	Maestrazgo	4	Leves	1
2007	Mujeres	31	Sierra de Albarracín	7	Leves	1
2007	Mujeres	32	Gúdar-Javalambre	17	Leves	1
2007	Mujeres	33	Matarraña / Matarranya	11	Leves	1
2007	Mujeres	NC	Municipio del centro de trabajo fuera de Aragón	41	Leves	1
2006	Hombres	01	La Jacetania	246	Leves	1
2006	Hombres	02	Alto Gállego	219	Leves	1
2006	Hombres	03	Sobrarbe	52	Leves	1
2006	Hombres	04	La Ribagorza	125	Leves	1
2006	Hombres	05	Cinco Villas	517	Leves	1
2006	Hombres	06	Hoya de Huesca / Plana de Uesca	996	Leves	1
2006	Hombres	07	Somontano de Barbastro	330	Leves	1
2006	Hombres	08	Cinca Medio	387	Leves	1
2006	Hombres	09	La Litera / La Llitera	286	Leves	1
2006	Hombres	10	Los Monegros	140	Leves	1
2006	Hombres	11	Bajo Cinca / Baix Cinca	388	Leves	1
2006	Hombres	12	Tarazona y el Moncayo	207	Leves	1
2006	Hombres	13	Campo de Borja	266	Leves	1
2006	Hombres	14	Aranda	59	Leves	1
2006	Hombres	15	Ribera Alta del Ebro	766	Leves	1
2006	Hombres	16	Valdejalón	655	Leves	1
2006	Hombres	17	Central	9840	Leves	1
2006	Hombres	18	Ribera Baja del Ebro	128	Leves	1
2006	Hombres	19	Bajo Aragón-Caspe / Baix Aragó-Casp	148	Leves	1
2006	Hombres	20	Comunidad de Calatayud	314	Leves	1
2006	Hombres	21	Campo de Cariñena	216	Leves	1
2006	Hombres	22	Campo de Belchite	35	Leves	1
2006	Hombres	23	Bajo Martín	94	Leves	1
2006	Hombres	24	Campo de Daroca	31	Leves	1
2006	Hombres	25	Jiloca	144	Leves	1
2006	Hombres	26	Cuencas Mineras	128	Leves	1
2006	Hombres	27	Andorra-Sierra de Arcos	260	Leves	1
2006	Hombres	28	Bajo Aragón	358	Leves	1
2006	Hombres	29	Comunidad de Teruel	408	Leves	1
2006	Hombres	30	Maestrazgo	22	Leves	1
2006	Hombres	31	Sierra de Albarracín	22	Leves	1
2006	Hombres	32	Gúdar-Javalambre	84	Leves	1
2006	Hombres	33	Matarraña / Matarranya	73	Leves	1
2006	Hombres	NC	Municipio del centro de trabajo fuera de Aragón	250	Leves	1
2006	Mujeres	01	La Jacetania	62	Leves	1
2006	Mujeres	02	Alto Gállego	48	Leves	1
2006	Mujeres	03	Sobrarbe	13	Leves	1
2006	Mujeres	04	La Ribagorza	51	Leves	1
2006	Mujeres	05	Cinco Villas	128	Leves	1
2006	Mujeres	06	Hoya de Huesca / Plana de Uesca	226	Leves	1
2006	Mujeres	07	Somontano de Barbastro	60	Leves	1
2006	Mujeres	08	Cinca Medio	46	Leves	1
2006	Mujeres	09	La Litera / La Llitera	37	Leves	1
2006	Mujeres	10	Los Monegros	22	Leves	1
2006	Mujeres	11	Bajo Cinca / Baix Cinca	68	Leves	1
2006	Mujeres	12	Tarazona y el Moncayo	71	Leves	1
2006	Mujeres	13	Campo de Borja	89	Leves	1
2006	Mujeres	14	Aranda	10	Leves	1
2006	Mujeres	15	Ribera Alta del Ebro	245	Leves	1
2006	Mujeres	16	Valdejalón	173	Leves	1
2006	Mujeres	17	Central	2932	Leves	1
2006	Mujeres	18	Ribera Baja del Ebro	34	Leves	1
2006	Mujeres	19	Bajo Aragón-Caspe / Baix Aragó-Casp	49	Leves	1
2006	Mujeres	20	Comunidad de Calatayud	128	Leves	1
2006	Mujeres	21	Campo de Cariñena	35	Leves	1
2006	Mujeres	22	Campo de Belchite	12	Leves	1
2006	Mujeres	23	Bajo Martín	18	Leves	1
2006	Mujeres	24	Campo de Daroca	10	Leves	1
2006	Mujeres	25	Jiloca	35	Leves	1
2006	Mujeres	26	Cuencas Mineras	33	Leves	1
2006	Mujeres	27	Andorra-Sierra de Arcos	25	Leves	1
2006	Mujeres	28	Bajo Aragón	95	Leves	1
2006	Mujeres	29	Comunidad de Teruel	135	Leves	1
2006	Mujeres	30	Maestrazgo	2	Leves	1
2006	Mujeres	31	Sierra de Albarracín	2	Leves	1
2006	Mujeres	32	Gúdar-Javalambre	15	Leves	1
2006	Mujeres	33	Matarraña / Matarranya	13	Leves	1
2006	Mujeres	NC	Municipio del centro de trabajo fuera de Aragón	33	Leves	1
2005	Hombres	01	La Jacetania	274	Leves	1
2005	Hombres	02	Alto Gállego	191	Leves	1
2005	Hombres	03	Sobrarbe	60	Leves	1
2005	Hombres	04	La Ribagorza	98	Leves	1
2005	Hombres	05	Cinco Villas	529	Leves	1
2005	Hombres	06	Hoya de Huesca / Plana de Uesca	923	Leves	1
2005	Hombres	07	Somontano de Barbastro	272	Leves	1
2005	Hombres	08	Cinca Medio	300	Leves	1
2005	Hombres	09	La Litera / La Llitera	274	Leves	1
2005	Hombres	10	Los Monegros	161	Leves	1
2005	Hombres	11	Bajo Cinca / Baix Cinca	302	Leves	1
2005	Hombres	12	Tarazona y el Moncayo	144	Leves	1
2005	Hombres	13	Campo de Borja	296	Leves	1
2005	Hombres	14	Aranda	38	Leves	1
2005	Hombres	15	Ribera Alta del Ebro	653	Leves	1
2005	Hombres	16	Valdejalón	607	Leves	1
2005	Hombres	17	Central	9289	Leves	1
2005	Hombres	18	Ribera Baja del Ebro	114	Leves	1
2005	Hombres	19	Bajo Aragón-Caspe / Baix Aragó-Casp	147	Leves	1
2005	Hombres	20	Comunidad de Calatayud	328	Leves	1
2005	Hombres	21	Campo de Cariñena	175	Leves	1
2005	Hombres	22	Campo de Belchite	33	Leves	1
2005	Hombres	23	Bajo Martín	109	Leves	1
2005	Hombres	24	Campo de Daroca	48	Leves	1
2005	Hombres	25	Jiloca	160	Leves	1
2005	Hombres	26	Cuencas Mineras	145	Leves	1
2005	Hombres	27	Andorra-Sierra de Arcos	199	Leves	1
2005	Hombres	28	Bajo Aragón	347	Leves	1
2005	Hombres	29	Comunidad de Teruel	434	Leves	1
2005	Hombres	30	Maestrazgo	24	Leves	1
2005	Hombres	31	Sierra de Albarracín	16	Leves	1
2005	Hombres	32	Gúdar-Javalambre	89	Leves	1
2005	Hombres	33	Matarraña / Matarranya	67	Leves	1
2005	Hombres	NC	Municipio del centro de trabajo fuera de Aragón	225	Leves	1
2005	Mujeres	01	La Jacetania	64	Leves	1
2005	Mujeres	02	Alto Gállego	40	Leves	1
2005	Mujeres	03	Sobrarbe	10	Leves	1
2005	Mujeres	04	La Ribagorza	32	Leves	1
2005	Mujeres	05	Cinco Villas	154	Leves	1
2005	Mujeres	06	Hoya de Huesca / Plana de Uesca	211	Leves	1
2005	Mujeres	07	Somontano de Barbastro	57	Leves	1
2005	Mujeres	08	Cinca Medio	52	Leves	1
2005	Mujeres	09	La Litera / La Llitera	41	Leves	1
2005	Mujeres	10	Los Monegros	25	Leves	1
2005	Mujeres	11	Bajo Cinca / Baix Cinca	58	Leves	1
2005	Mujeres	12	Tarazona y el Moncayo	51	Leves	1
2005	Mujeres	13	Campo de Borja	95	Leves	1
2005	Mujeres	14	Aranda	8	Leves	1
2005	Mujeres	15	Ribera Alta del Ebro	153	Leves	1
2005	Mujeres	16	Valdejalón	164	Leves	1
2005	Mujeres	17	Central	2876	Leves	1
2005	Mujeres	18	Ribera Baja del Ebro	20	Leves	1
2005	Mujeres	19	Bajo Aragón-Caspe / Baix Aragó-Casp	73	Leves	1
2005	Mujeres	20	Comunidad de Calatayud	89	Leves	1
2005	Mujeres	21	Campo de Cariñena	33	Leves	1
2005	Mujeres	22	Campo de Belchite	11	Leves	1
2005	Mujeres	23	Bajo Martín	17	Leves	1
2005	Mujeres	24	Campo de Daroca	11	Leves	1
2005	Mujeres	25	Jiloca	30	Leves	1
2005	Mujeres	26	Cuencas Mineras	25	Leves	1
2005	Mujeres	27	Andorra-Sierra de Arcos	18	Leves	1
2005	Mujeres	28	Bajo Aragón	86	Leves	1
2005	Mujeres	29	Comunidad de Teruel	127	Leves	1
2005	Mujeres	30	Maestrazgo	6	Leves	1
2005	Mujeres	31	Sierra de Albarracín	4	Leves	1
2005	Mujeres	32	Gúdar-Javalambre	9	Leves	1
2005	Mujeres	33	Matarraña / Matarranya	11	Leves	1
2005	Mujeres	NC	Municipio del centro de trabajo fuera de Aragón	24	Leves	1
2004	Hombres	01	La Jacetania	220	Leves	1
2004	Hombres	02	Alto Gállego	158	Leves	1
2004	Hombres	03	Sobrarbe	35	Leves	1
2004	Hombres	04	La Ribagorza	118	Leves	1
2004	Hombres	05	Cinco Villas	458	Leves	1
2004	Hombres	06	Hoya de Huesca / Plana de Uesca	836	Leves	1
2004	Hombres	07	Somontano de Barbastro	299	Leves	1
2004	Hombres	08	Cinca Medio	298	Leves	1
2004	Hombres	09	La Litera / La Llitera	264	Leves	1
2004	Hombres	10	Los Monegros	150	Leves	1
2004	Hombres	11	Bajo Cinca / Baix Cinca	256	Leves	1
2004	Hombres	12	Tarazona y el Moncayo	187	Leves	1
2004	Hombres	13	Campo de Borja	234	Leves	1
2004	Hombres	14	Aranda	69	Leves	1
2004	Hombres	15	Ribera Alta del Ebro	680	Leves	1
2004	Hombres	16	Valdejalón	492	Leves	1
2004	Hombres	17	Central	9053	Leves	1
2004	Hombres	18	Ribera Baja del Ebro	91	Leves	1
2004	Hombres	19	Bajo Aragón-Caspe / Baix Aragó-Casp	167	Leves	1
2004	Hombres	20	Comunidad de Calatayud	377	Leves	1
2004	Hombres	21	Campo de Cariñena	156	Leves	1
2004	Hombres	22	Campo de Belchite	19	Leves	1
2004	Hombres	23	Bajo Martín	92	Leves	1
2004	Hombres	24	Campo de Daroca	41	Leves	1
2004	Hombres	25	Jiloca	153	Leves	1
2004	Hombres	26	Cuencas Mineras	111	Leves	1
2004	Hombres	27	Andorra-Sierra de Arcos	204	Leves	1
2004	Hombres	28	Bajo Aragón	277	Leves	1
2004	Hombres	29	Comunidad de Teruel	435	Leves	1
2004	Hombres	30	Maestrazgo	19	Leves	1
2004	Hombres	31	Sierra de Albarracín	24	Leves	1
2004	Hombres	32	Gúdar-Javalambre	91	Leves	1
2004	Hombres	33	Matarraña / Matarranya	45	Leves	1
2004	Hombres	NC	Municipio del centro de trabajo fuera de Aragón	219	Leves	1
2004	Mujeres	01	La Jacetania	40	Leves	1
2004	Mujeres	02	Alto Gállego	31	Leves	1
2004	Mujeres	03	Sobrarbe	9	Leves	1
2004	Mujeres	04	La Ribagorza	45	Leves	1
2004	Mujeres	05	Cinco Villas	106	Leves	1
2004	Mujeres	06	Hoya de Huesca / Plana de Uesca	173	Leves	1
2004	Mujeres	07	Somontano de Barbastro	59	Leves	1
2004	Mujeres	08	Cinca Medio	35	Leves	1
2004	Mujeres	09	La Litera / La Llitera	34	Leves	1
2004	Mujeres	10	Los Monegros	23	Leves	1
2004	Mujeres	11	Bajo Cinca / Baix Cinca	50	Leves	1
2004	Mujeres	12	Tarazona y el Moncayo	69	Leves	1
2004	Mujeres	13	Campo de Borja	79	Leves	1
2004	Mujeres	14	Aranda	5	Leves	1
2004	Mujeres	15	Ribera Alta del Ebro	204	Leves	1
2004	Mujeres	16	Valdejalón	150	Leves	1
2004	Mujeres	17	Central	2578	Leves	1
2004	Mujeres	18	Ribera Baja del Ebro	23	Leves	1
2004	Mujeres	19	Bajo Aragón-Caspe / Baix Aragó-Casp	63	Leves	1
2004	Mujeres	20	Comunidad de Calatayud	122	Leves	1
2004	Mujeres	21	Campo de Cariñena	22	Leves	1
2004	Mujeres	22	Campo de Belchite	6	Leves	1
2004	Mujeres	23	Bajo Martín	11	Leves	1
2004	Mujeres	24	Campo de Daroca	10	Leves	1
2004	Mujeres	25	Jiloca	21	Leves	1
2004	Mujeres	26	Cuencas Mineras	14	Leves	1
2004	Mujeres	27	Andorra-Sierra de Arcos	19	Leves	1
2004	Mujeres	28	Bajo Aragón	51	Leves	1
2004	Mujeres	29	Comunidad de Teruel	96	Leves	1
2004	Mujeres	30	Maestrazgo	2	Leves	1
2004	Mujeres	31	Sierra de Albarracín	2	Leves	1
2004	Mujeres	32	Gúdar-Javalambre	14	Leves	1
2004	Mujeres	33	Matarraña / Matarranya	13	Leves	1
2004	Mujeres	NC	Municipio del centro de trabajo fuera de Aragón	25	Leves	1
2003	Hombres	01	La Jacetania	191	Leves	1
2003	Hombres	02	Alto Gállego	145	Leves	1
2003	Hombres	03	Sobrarbe	44	Leves	1
2003	Hombres	04	La Ribagorza	110	Leves	1
2003	Hombres	05	Cinco Villas	456	Leves	1
2003	Hombres	06	Hoya de Huesca / Plana de Uesca	891	Leves	1
2003	Hombres	07	Somontano de Barbastro	279	Leves	1
2003	Hombres	08	Cinca Medio	303	Leves	1
2003	Hombres	09	La Litera / La Llitera	250	Leves	1
2003	Hombres	10	Los Monegros	152	Leves	1
2003	Hombres	11	Bajo Cinca / Baix Cinca	306	Leves	1
2003	Hombres	12	Tarazona y el Moncayo	226	Leves	1
2003	Hombres	13	Campo de Borja	236	Leves	1
2003	Hombres	14	Aranda	61	Leves	1
2003	Hombres	15	Ribera Alta del Ebro	718	Leves	1
2003	Hombres	16	Valdejalón	461	Leves	1
2003	Hombres	17	Central	9116	Leves	1
2003	Hombres	18	Ribera Baja del Ebro	100	Leves	1
2003	Hombres	19	Bajo Aragón-Caspe / Baix Aragó-Casp	132	Leves	1
2003	Hombres	20	Comunidad de Calatayud	354	Leves	1
2003	Hombres	21	Campo de Cariñena	148	Leves	1
2003	Hombres	22	Campo de Belchite	16	Leves	1
2003	Hombres	23	Bajo Martín	104	Leves	1
2003	Hombres	24	Campo de Daroca	43	Leves	1
2003	Hombres	25	Jiloca	152	Leves	1
2003	Hombres	26	Cuencas Mineras	111	Leves	1
2003	Hombres	27	Andorra-Sierra de Arcos	253	Leves	1
2003	Hombres	28	Bajo Aragón	348	Leves	1
2003	Hombres	29	Comunidad de Teruel	477	Leves	1
2003	Hombres	30	Maestrazgo	6	Leves	1
2003	Hombres	31	Sierra de Albarracín	16	Leves	1
2003	Hombres	32	Gúdar-Javalambre	58	Leves	1
2003	Hombres	33	Matarraña / Matarranya	51	Leves	1
2003	Hombres	NC	Municipio del centro de trabajo fuera de Aragón	145	Leves	1
2003	Mujeres	01	La Jacetania	39	Leves	1
2003	Mujeres	02	Alto Gállego	30	Leves	1
2003	Mujeres	03	Sobrarbe	12	Leves	1
2003	Mujeres	04	La Ribagorza	26	Leves	1
2003	Mujeres	05	Cinco Villas	97	Leves	1
2003	Mujeres	06	Hoya de Huesca / Plana de Uesca	195	Leves	1
2003	Mujeres	07	Somontano de Barbastro	55	Leves	1
2003	Mujeres	08	Cinca Medio	36	Leves	1
2003	Mujeres	09	La Litera / La Llitera	50	Leves	1
2003	Mujeres	10	Los Monegros	15	Leves	1
2003	Mujeres	11	Bajo Cinca / Baix Cinca	56	Leves	1
2003	Mujeres	12	Tarazona y el Moncayo	99	Leves	1
2003	Mujeres	13	Campo de Borja	93	Leves	1
2003	Mujeres	14	Aranda	9	Leves	1
2003	Mujeres	15	Ribera Alta del Ebro	182	Leves	1
2003	Mujeres	16	Valdejalón	104	Leves	1
2003	Mujeres	17	Central	2485	Leves	1
2003	Mujeres	18	Ribera Baja del Ebro	18	Leves	1
2003	Mujeres	19	Bajo Aragón-Caspe / Baix Aragó-Casp	30	Leves	1
2003	Mujeres	20	Comunidad de Calatayud	124	Leves	1
2003	Mujeres	21	Campo de Cariñena	24	Leves	1
2003	Mujeres	22	Campo de Belchite	11	Leves	1
2003	Mujeres	23	Bajo Martín	18	Leves	1
2003	Mujeres	24	Campo de Daroca	7	Leves	1
2003	Mujeres	25	Jiloca	23	Leves	1
2003	Mujeres	26	Cuencas Mineras	18	Leves	1
2003	Mujeres	27	Andorra-Sierra de Arcos	19	Leves	1
2003	Mujeres	28	Bajo Aragón	57	Leves	1
2003	Mujeres	29	Comunidad de Teruel	123	Leves	1
2003	Mujeres	30	Maestrazgo	3	Leves	1
2003	Mujeres	32	Gúdar-Javalambre	14	Leves	1
2003	Mujeres	33	Matarraña / Matarranya	4	Leves	1
2003	Mujeres	NC	Municipio del centro de trabajo fuera de Aragón	13	Leves	1
2018	Hombres	01	La Jacetania	1	Graves o muy graves	2
2018	Hombres	02	Alto Gállego	2	Graves o muy graves	2
2018	Hombres	03	Sobrarbe	1	Graves o muy graves	2
2018	Hombres	04	La Ribagorza	1	Graves o muy graves	2
2018	Hombres	05	Cinco Villas	4	Graves o muy graves	2
2018	Hombres	06	Hoya de Huesca / Plana de Uesca	9	Graves o muy graves	2
2018	Hombres	07	Somontano de Barbastro	1	Graves o muy graves	2
2018	Hombres	08	Cinca Medio	4	Graves o muy graves	2
2018	Hombres	10	Los Monegros	1	Graves o muy graves	2
2018	Hombres	11	Bajo Cinca / Baix Cinca	2	Graves o muy graves	2
2018	Hombres	12	Tarazona y el Moncayo	1	Graves o muy graves	2
2018	Hombres	13	Campo de Borja	3	Graves o muy graves	2
2018	Hombres	15	Ribera Alta del Ebro	4	Graves o muy graves	2
2018	Hombres	16	Valdejalón	3	Graves o muy graves	2
2018	Hombres	17	Central	46	Graves o muy graves	2
2018	Hombres	19	Bajo Aragón-Caspe / Baix Aragó-Casp	2	Graves o muy graves	2
2018	Hombres	20	Comunidad de Calatayud	3	Graves o muy graves	2
2018	Hombres	23	Bajo Martín	1	Graves o muy graves	2
2018	Hombres	24	Campo de Daroca	1	Graves o muy graves	2
2018	Hombres	25	Jiloca	3	Graves o muy graves	2
2018	Hombres	26	Cuencas Mineras	2	Graves o muy graves	2
2018	Hombres	28	Bajo Aragón	3	Graves o muy graves	2
2018	Hombres	29	Comunidad de Teruel	3	Graves o muy graves	2
2018	Hombres	33	Matarraña / Matarranya	1	Graves o muy graves	2
2018	Hombres	NC	Municipio del centro de trabajo fuera de Aragón	3	Graves o muy graves	2
2018	Mujeres	02	Alto Gállego	1	Graves o muy graves	2
2018	Mujeres	06	Hoya de Huesca / Plana de Uesca	2	Graves o muy graves	2
2018	Mujeres	17	Central	6	Graves o muy graves	2
2018	Mujeres	25	Jiloca	1	Graves o muy graves	2
2018	Mujeres	NC	Municipio del centro de trabajo fuera de Aragón	1	Graves o muy graves	2
2017	Hombres	01	La Jacetania	2	Graves o muy graves	2
2017	Hombres	03	Sobrarbe	2	Graves o muy graves	2
2017	Hombres	04	La Ribagorza	3	Graves o muy graves	2
2017	Hombres	05	Cinco Villas	2	Graves o muy graves	2
2017	Hombres	06	Hoya de Huesca / Plana de Uesca	13	Graves o muy graves	2
2017	Hombres	07	Somontano de Barbastro	4	Graves o muy graves	2
2017	Hombres	08	Cinca Medio	1	Graves o muy graves	2
2017	Hombres	09	La Litera / La Llitera	1	Graves o muy graves	2
2017	Hombres	10	Los Monegros	4	Graves o muy graves	2
2017	Hombres	11	Bajo Cinca / Baix Cinca	3	Graves o muy graves	2
2017	Hombres	12	Tarazona y el Moncayo	1	Graves o muy graves	2
2017	Hombres	13	Campo de Borja	2	Graves o muy graves	2
2017	Hombres	15	Ribera Alta del Ebro	8	Graves o muy graves	2
2017	Hombres	16	Valdejalón	2	Graves o muy graves	2
2017	Hombres	17	Central	40	Graves o muy graves	2
2017	Hombres	19	Bajo Aragón-Caspe / Baix Aragó-Casp	1	Graves o muy graves	2
2017	Hombres	20	Comunidad de Calatayud	3	Graves o muy graves	2
2017	Hombres	21	Campo de Cariñena	4	Graves o muy graves	2
2017	Hombres	24	Campo de Daroca	1	Graves o muy graves	2
2017	Hombres	26	Cuencas Mineras	2	Graves o muy graves	2
2017	Hombres	27	Andorra-Sierra de Arcos	2	Graves o muy graves	2
2017	Hombres	28	Bajo Aragón	2	Graves o muy graves	2
2017	Hombres	29	Comunidad de Teruel	4	Graves o muy graves	2
2017	Hombres	31	Sierra de Albarracín	1	Graves o muy graves	2
2017	Hombres	NC	Municipio del centro de trabajo fuera de Aragón	3	Graves o muy graves	2
2017	Mujeres	02	Alto Gállego	2	Graves o muy graves	2
2017	Mujeres	06	Hoya de Huesca / Plana de Uesca	1	Graves o muy graves	2
2017	Mujeres	11	Bajo Cinca / Baix Cinca	3	Graves o muy graves	2
2017	Mujeres	17	Central	10	Graves o muy graves	2
2017	Mujeres	19	Bajo Aragón-Caspe / Baix Aragó-Casp	1	Graves o muy graves	2
2017	Mujeres	26	Cuencas Mineras	1	Graves o muy graves	2
2017	Mujeres	29	Comunidad de Teruel	1	Graves o muy graves	2
2016	Hombres	02	Alto Gállego	1	Graves o muy graves	2
2016	Hombres	04	La Ribagorza	1	Graves o muy graves	2
2016	Hombres	05	Cinco Villas	2	Graves o muy graves	2
2016	Hombres	06	Hoya de Huesca / Plana de Uesca	5	Graves o muy graves	2
2016	Hombres	07	Somontano de Barbastro	2	Graves o muy graves	2
2016	Hombres	08	Cinca Medio	5	Graves o muy graves	2
2016	Hombres	09	La Litera / La Llitera	3	Graves o muy graves	2
2016	Hombres	10	Los Monegros	2	Graves o muy graves	2
2016	Hombres	11	Bajo Cinca / Baix Cinca	1	Graves o muy graves	2
2016	Hombres	15	Ribera Alta del Ebro	4	Graves o muy graves	2
2016	Hombres	16	Valdejalón	2	Graves o muy graves	2
2016	Hombres	17	Central	33	Graves o muy graves	2
2016	Hombres	20	Comunidad de Calatayud	1	Graves o muy graves	2
2016	Hombres	21	Campo de Cariñena	2	Graves o muy graves	2
2016	Hombres	23	Bajo Martín	1	Graves o muy graves	2
2016	Hombres	24	Campo de Daroca	1	Graves o muy graves	2
2016	Hombres	25	Jiloca	2	Graves o muy graves	2
2016	Hombres	27	Andorra-Sierra de Arcos	2	Graves o muy graves	2
2016	Hombres	28	Bajo Aragón	2	Graves o muy graves	2
2016	Hombres	29	Comunidad de Teruel	6	Graves o muy graves	2
2016	Hombres	31	Sierra de Albarracín	1	Graves o muy graves	2
2016	Hombres	32	Gúdar-Javalambre	1	Graves o muy graves	2
2016	Hombres	NC	Municipio del centro de trabajo fuera de Aragón	1	Graves o muy graves	2
2016	Mujeres	03	Sobrarbe	1	Graves o muy graves	2
2016	Mujeres	06	Hoya de Huesca / Plana de Uesca	1	Graves o muy graves	2
2016	Mujeres	11	Bajo Cinca / Baix Cinca	2	Graves o muy graves	2
2016	Mujeres	15	Ribera Alta del Ebro	1	Graves o muy graves	2
2016	Mujeres	17	Central	5	Graves o muy graves	2
2016	Mujeres	23	Bajo Martín	1	Graves o muy graves	2
2016	Mujeres	28	Bajo Aragón	1	Graves o muy graves	2
2016	Mujeres	29	Comunidad de Teruel	1	Graves o muy graves	2
2015	Hombres	01	La Jacetania	2	Graves o muy graves	2
2015	Hombres	03	Sobrarbe	1	Graves o muy graves	2
2015	Hombres	04	La Ribagorza	3	Graves o muy graves	2
2015	Hombres	05	Cinco Villas	4	Graves o muy graves	2
2015	Hombres	06	Hoya de Huesca / Plana de Uesca	3	Graves o muy graves	2
2015	Hombres	07	Somontano de Barbastro	4	Graves o muy graves	2
2015	Hombres	08	Cinca Medio	1	Graves o muy graves	2
2015	Hombres	09	La Litera / La Llitera	3	Graves o muy graves	2
2015	Hombres	11	Bajo Cinca / Baix Cinca	2	Graves o muy graves	2
2015	Hombres	12	Tarazona y el Moncayo	1	Graves o muy graves	2
2015	Hombres	13	Campo de Borja	1	Graves o muy graves	2
2015	Hombres	14	Aranda	1	Graves o muy graves	2
2015	Hombres	15	Ribera Alta del Ebro	2	Graves o muy graves	2
2015	Hombres	16	Valdejalón	6	Graves o muy graves	2
2015	Hombres	17	Central	32	Graves o muy graves	2
2015	Hombres	18	Ribera Baja del Ebro	1	Graves o muy graves	2
2015	Hombres	20	Comunidad de Calatayud	2	Graves o muy graves	2
2015	Hombres	23	Bajo Martín	3	Graves o muy graves	2
2015	Hombres	25	Jiloca	1	Graves o muy graves	2
2015	Hombres	26	Cuencas Mineras	1	Graves o muy graves	2
2015	Hombres	27	Andorra-Sierra de Arcos	2	Graves o muy graves	2
2015	Hombres	29	Comunidad de Teruel	4	Graves o muy graves	2
2015	Hombres	33	Matarraña / Matarranya	1	Graves o muy graves	2
2015	Hombres	NC	Municipio del centro de trabajo fuera de Aragón	2	Graves o muy graves	2
2015	Mujeres	06	Hoya de Huesca / Plana de Uesca	1	Graves o muy graves	2
2015	Mujeres	07	Somontano de Barbastro	1	Graves o muy graves	2
2015	Mujeres	16	Valdejalón	3	Graves o muy graves	2
2015	Mujeres	17	Central	8	Graves o muy graves	2
2015	Mujeres	20	Comunidad de Calatayud	1	Graves o muy graves	2
2014	Hombres	01	La Jacetania	2	Graves o muy graves	2
2014	Hombres	02	Alto Gállego	2	Graves o muy graves	2
2014	Hombres	04	La Ribagorza	3	Graves o muy graves	2
2014	Hombres	05	Cinco Villas	2	Graves o muy graves	2
2014	Hombres	06	Hoya de Huesca / Plana de Uesca	5	Graves o muy graves	2
2014	Hombres	07	Somontano de Barbastro	4	Graves o muy graves	2
2014	Hombres	08	Cinca Medio	1	Graves o muy graves	2
2014	Hombres	09	La Litera / La Llitera	3	Graves o muy graves	2
2014	Hombres	10	Los Monegros	1	Graves o muy graves	2
2014	Hombres	11	Bajo Cinca / Baix Cinca	2	Graves o muy graves	2
2014	Hombres	15	Ribera Alta del Ebro	3	Graves o muy graves	2
2014	Hombres	17	Central	34	Graves o muy graves	2
2014	Hombres	19	Bajo Aragón-Caspe / Baix Aragó-Casp	1	Graves o muy graves	2
2014	Hombres	20	Comunidad de Calatayud	1	Graves o muy graves	2
2014	Hombres	25	Jiloca	3	Graves o muy graves	2
2014	Hombres	26	Cuencas Mineras	2	Graves o muy graves	2
2014	Hombres	27	Andorra-Sierra de Arcos	2	Graves o muy graves	2
2014	Hombres	28	Bajo Aragón	5	Graves o muy graves	2
2014	Hombres	29	Comunidad de Teruel	3	Graves o muy graves	2
2014	Hombres	NC	Municipio del centro de trabajo fuera de Aragón	2	Graves o muy graves	2
2014	Mujeres	04	La Ribagorza	2	Graves o muy graves	2
2014	Mujeres	08	Cinca Medio	1	Graves o muy graves	2
2014	Mujeres	17	Central	4	Graves o muy graves	2
2013	Hombres	01	La Jacetania	4	Graves o muy graves	2
2013	Hombres	03	Sobrarbe	1	Graves o muy graves	2
2013	Hombres	04	La Ribagorza	3	Graves o muy graves	2
2013	Hombres	05	Cinco Villas	2	Graves o muy graves	2
2013	Hombres	06	Hoya de Huesca / Plana de Uesca	4	Graves o muy graves	2
2013	Hombres	07	Somontano de Barbastro	1	Graves o muy graves	2
2013	Hombres	08	Cinca Medio	3	Graves o muy graves	2
2013	Hombres	09	La Litera / La Llitera	2	Graves o muy graves	2
2013	Hombres	10	Los Monegros	2	Graves o muy graves	2
2013	Hombres	15	Ribera Alta del Ebro	6	Graves o muy graves	2
2013	Hombres	16	Valdejalón	6	Graves o muy graves	2
2013	Hombres	17	Central	21	Graves o muy graves	2
2013	Hombres	18	Ribera Baja del Ebro	1	Graves o muy graves	2
2013	Hombres	19	Bajo Aragón-Caspe / Baix Aragó-Casp	1	Graves o muy graves	2
2013	Hombres	21	Campo de Cariñena	1	Graves o muy graves	2
2013	Hombres	22	Campo de Belchite	2	Graves o muy graves	2
2013	Hombres	23	Bajo Martín	1	Graves o muy graves	2
2013	Hombres	24	Campo de Daroca	1	Graves o muy graves	2
2013	Hombres	28	Bajo Aragón	1	Graves o muy graves	2
2013	Hombres	29	Comunidad de Teruel	2	Graves o muy graves	2
2013	Hombres	NC	Municipio del centro de trabajo fuera de Aragón	7	Graves o muy graves	2
2013	Mujeres	01	La Jacetania	3	Graves o muy graves	2
2013	Mujeres	17	Central	8	Graves o muy graves	2
2013	Mujeres	20	Comunidad de Calatayud	1	Graves o muy graves	2
2013	Mujeres	27	Andorra-Sierra de Arcos	1	Graves o muy graves	2
2013	Mujeres	28	Bajo Aragón	1	Graves o muy graves	2
2013	Mujeres	NC	Municipio del centro de trabajo fuera de Aragón	1	Graves o muy graves	2
2012	Hombres	01	La Jacetania	4	Graves o muy graves	2
2012	Hombres	02	Alto Gállego	1	Graves o muy graves	2
2012	Hombres	04	La Ribagorza	5	Graves o muy graves	2
2012	Hombres	05	Cinco Villas	1	Graves o muy graves	2
2012	Hombres	06	Hoya de Huesca / Plana de Uesca	5	Graves o muy graves	2
2012	Hombres	07	Somontano de Barbastro	3	Graves o muy graves	2
2012	Hombres	08	Cinca Medio	4	Graves o muy graves	2
2012	Hombres	09	La Litera / La Llitera	3	Graves o muy graves	2
2012	Hombres	10	Los Monegros	3	Graves o muy graves	2
2012	Hombres	11	Bajo Cinca / Baix Cinca	5	Graves o muy graves	2
2012	Hombres	12	Tarazona y el Moncayo	1	Graves o muy graves	2
2012	Hombres	15	Ribera Alta del Ebro	3	Graves o muy graves	2
2012	Hombres	16	Valdejalón	2	Graves o muy graves	2
2012	Hombres	17	Central	28	Graves o muy graves	2
2012	Hombres	19	Bajo Aragón-Caspe / Baix Aragó-Casp	1	Graves o muy graves	2
2012	Hombres	20	Comunidad de Calatayud	1	Graves o muy graves	2
2012	Hombres	21	Campo de Cariñena	1	Graves o muy graves	2
2012	Hombres	22	Campo de Belchite	1	Graves o muy graves	2
2012	Hombres	23	Bajo Martín	1	Graves o muy graves	2
2012	Hombres	26	Cuencas Mineras	1	Graves o muy graves	2
2012	Hombres	27	Andorra-Sierra de Arcos	2	Graves o muy graves	2
2012	Hombres	29	Comunidad de Teruel	4	Graves o muy graves	2
2012	Hombres	NC	Municipio del centro de trabajo fuera de Aragón	1	Graves o muy graves	2
2012	Mujeres	11	Bajo Cinca / Baix Cinca	2	Graves o muy graves	2
2012	Mujeres	17	Central	8	Graves o muy graves	2
2012	Mujeres	20	Comunidad de Calatayud	1	Graves o muy graves	2
2012	Mujeres	26	Cuencas Mineras	1	Graves o muy graves	2
2012	Mujeres	29	Comunidad de Teruel	1	Graves o muy graves	2
2012	Mujeres	32	Gúdar-Javalambre	1	Graves o muy graves	2
2011	Hombres	01	La Jacetania	2	Graves o muy graves	2
2011	Hombres	02	Alto Gállego	2	Graves o muy graves	2
2011	Hombres	03	Sobrarbe	1	Graves o muy graves	2
2011	Hombres	04	La Ribagorza	2	Graves o muy graves	2
2011	Hombres	05	Cinco Villas	3	Graves o muy graves	2
2011	Hombres	06	Hoya de Huesca / Plana de Uesca	9	Graves o muy graves	2
2011	Hombres	07	Somontano de Barbastro	5	Graves o muy graves	2
2011	Hombres	08	Cinca Medio	2	Graves o muy graves	2
2011	Hombres	09	La Litera / La Llitera	2	Graves o muy graves	2
2011	Hombres	10	Los Monegros	1	Graves o muy graves	2
2011	Hombres	11	Bajo Cinca / Baix Cinca	3	Graves o muy graves	2
2011	Hombres	15	Ribera Alta del Ebro	2	Graves o muy graves	2
2011	Hombres	16	Valdejalón	6	Graves o muy graves	2
2011	Hombres	17	Central	26	Graves o muy graves	2
2011	Hombres	18	Ribera Baja del Ebro	1	Graves o muy graves	2
2011	Hombres	20	Comunidad de Calatayud	2	Graves o muy graves	2
2011	Hombres	21	Campo de Cariñena	1	Graves o muy graves	2
2011	Hombres	22	Campo de Belchite	1	Graves o muy graves	2
2011	Hombres	24	Campo de Daroca	2	Graves o muy graves	2
2011	Hombres	25	Jiloca	2	Graves o muy graves	2
2011	Hombres	26	Cuencas Mineras	1	Graves o muy graves	2
2011	Hombres	28	Bajo Aragón	1	Graves o muy graves	2
2011	Hombres	29	Comunidad de Teruel	2	Graves o muy graves	2
2011	Hombres	31	Sierra de Albarracín	1	Graves o muy graves	2
2011	Hombres	32	Gúdar-Javalambre	2	Graves o muy graves	2
2011	Hombres	33	Matarraña / Matarranya	1	Graves o muy graves	2
2011	Hombres	NC	Municipio del centro de trabajo fuera de Aragón	6	Graves o muy graves	2
2011	Mujeres	06	Hoya de Huesca / Plana de Uesca	3	Graves o muy graves	2
2011	Mujeres	17	Central	3	Graves o muy graves	2
2011	Mujeres	24	Campo de Daroca	1	Graves o muy graves	2
2011	Mujeres	28	Bajo Aragón	1	Graves o muy graves	2
2010	Hombres	01	La Jacetania	6	Graves o muy graves	2
2010	Hombres	02	Alto Gállego	2	Graves o muy graves	2
2010	Hombres	03	Sobrarbe	1	Graves o muy graves	2
2010	Hombres	04	La Ribagorza	3	Graves o muy graves	2
2010	Hombres	05	Cinco Villas	3	Graves o muy graves	2
2010	Hombres	06	Hoya de Huesca / Plana de Uesca	12	Graves o muy graves	2
2010	Hombres	07	Somontano de Barbastro	1	Graves o muy graves	2
2010	Hombres	08	Cinca Medio	4	Graves o muy graves	2
2010	Hombres	09	La Litera / La Llitera	7	Graves o muy graves	2
2010	Hombres	10	Los Monegros	5	Graves o muy graves	2
2010	Hombres	11	Bajo Cinca / Baix Cinca	3	Graves o muy graves	2
2010	Hombres	15	Ribera Alta del Ebro	17	Graves o muy graves	2
2010	Hombres	16	Valdejalón	1	Graves o muy graves	2
2010	Hombres	17	Central	36	Graves o muy graves	2
2010	Hombres	18	Ribera Baja del Ebro	1	Graves o muy graves	2
2010	Hombres	19	Bajo Aragón-Caspe / Baix Aragó-Casp	1	Graves o muy graves	2
2010	Hombres	20	Comunidad de Calatayud	1	Graves o muy graves	2
2010	Hombres	25	Jiloca	2	Graves o muy graves	2
2010	Hombres	27	Andorra-Sierra de Arcos	5	Graves o muy graves	2
2010	Hombres	28	Bajo Aragón	3	Graves o muy graves	2
2010	Hombres	29	Comunidad de Teruel	2	Graves o muy graves	2
2010	Hombres	33	Matarraña / Matarranya	1	Graves o muy graves	2
2010	Hombres	NC	Municipio del centro de trabajo fuera de Aragón	8	Graves o muy graves	2
2010	Mujeres	01	La Jacetania	2	Graves o muy graves	2
2010	Mujeres	06	Hoya de Huesca / Plana de Uesca	3	Graves o muy graves	2
2010	Mujeres	11	Bajo Cinca / Baix Cinca	1	Graves o muy graves	2
2010	Mujeres	13	Campo de Borja	1	Graves o muy graves	2
2010	Mujeres	15	Ribera Alta del Ebro	1	Graves o muy graves	2
2010	Mujeres	17	Central	6	Graves o muy graves	2
2010	Mujeres	24	Campo de Daroca	1	Graves o muy graves	2
2010	Mujeres	25	Jiloca	1	Graves o muy graves	2
2009	Hombres	01	La Jacetania	3	Graves o muy graves	2
2009	Hombres	02	Alto Gállego	3	Graves o muy graves	2
2009	Hombres	04	La Ribagorza	2	Graves o muy graves	2
2009	Hombres	05	Cinco Villas	4	Graves o muy graves	2
2009	Hombres	06	Hoya de Huesca / Plana de Uesca	8	Graves o muy graves	2
2009	Hombres	07	Somontano de Barbastro	1	Graves o muy graves	2
2009	Hombres	08	Cinca Medio	5	Graves o muy graves	2
2009	Hombres	09	La Litera / La Llitera	1	Graves o muy graves	2
2009	Hombres	10	Los Monegros	5	Graves o muy graves	2
2009	Hombres	11	Bajo Cinca / Baix Cinca	4	Graves o muy graves	2
2009	Hombres	12	Tarazona y el Moncayo	1	Graves o muy graves	2
2009	Hombres	13	Campo de Borja	2	Graves o muy graves	2
2009	Hombres	15	Ribera Alta del Ebro	5	Graves o muy graves	2
2009	Hombres	16	Valdejalón	3	Graves o muy graves	2
2009	Hombres	17	Central	60	Graves o muy graves	2
2009	Hombres	18	Ribera Baja del Ebro	1	Graves o muy graves	2
2009	Hombres	19	Bajo Aragón-Caspe / Baix Aragó-Casp	1	Graves o muy graves	2
2009	Hombres	23	Bajo Martín	3	Graves o muy graves	2
2009	Hombres	27	Andorra-Sierra de Arcos	1	Graves o muy graves	2
2009	Hombres	28	Bajo Aragón	2	Graves o muy graves	2
2009	Hombres	29	Comunidad de Teruel	7	Graves o muy graves	2
2009	Hombres	32	Gúdar-Javalambre	2	Graves o muy graves	2
2009	Hombres	33	Matarraña / Matarranya	1	Graves o muy graves	2
2009	Hombres	NC	Municipio del centro de trabajo fuera de Aragón	3	Graves o muy graves	2
2009	Mujeres	01	La Jacetania	1	Graves o muy graves	2
2009	Mujeres	04	La Ribagorza	1	Graves o muy graves	2
2009	Mujeres	06	Hoya de Huesca / Plana de Uesca	2	Graves o muy graves	2
2009	Mujeres	12	Tarazona y el Moncayo	1	Graves o muy graves	2
2009	Mujeres	16	Valdejalón	1	Graves o muy graves	2
2009	Mujeres	17	Central	9	Graves o muy graves	2
2009	Mujeres	20	Comunidad de Calatayud	2	Graves o muy graves	2
2009	Mujeres	25	Jiloca	1	Graves o muy graves	2
2009	Mujeres	31	Sierra de Albarracín	1	Graves o muy graves	2
2009	Mujeres	33	Matarraña / Matarranya	1	Graves o muy graves	2
2009	Mujeres	NC	Municipio del centro de trabajo fuera de Aragón	1	Graves o muy graves	2
2008	Hombres	01	La Jacetania	3	Graves o muy graves	2
2008	Hombres	02	Alto Gállego	2	Graves o muy graves	2
2008	Hombres	03	Sobrarbe	3	Graves o muy graves	2
2008	Hombres	04	La Ribagorza	2	Graves o muy graves	2
2008	Hombres	05	Cinco Villas	3	Graves o muy graves	2
2008	Hombres	06	Hoya de Huesca / Plana de Uesca	7	Graves o muy graves	2
2008	Hombres	07	Somontano de Barbastro	1	Graves o muy graves	2
2008	Hombres	08	Cinca Medio	4	Graves o muy graves	2
2008	Hombres	09	La Litera / La Llitera	5	Graves o muy graves	2
2008	Hombres	10	Los Monegros	3	Graves o muy graves	2
2008	Hombres	11	Bajo Cinca / Baix Cinca	1	Graves o muy graves	2
2008	Hombres	12	Tarazona y el Moncayo	1	Graves o muy graves	2
2008	Hombres	14	Aranda	1	Graves o muy graves	2
2008	Hombres	15	Ribera Alta del Ebro	6	Graves o muy graves	2
2008	Hombres	16	Valdejalón	2	Graves o muy graves	2
2008	Hombres	17	Central	62	Graves o muy graves	2
2008	Hombres	19	Bajo Aragón-Caspe / Baix Aragó-Casp	2	Graves o muy graves	2
2008	Hombres	20	Comunidad de Calatayud	2	Graves o muy graves	2
2008	Hombres	21	Campo de Cariñena	3	Graves o muy graves	2
2008	Hombres	22	Campo de Belchite	1	Graves o muy graves	2
2008	Hombres	25	Jiloca	1	Graves o muy graves	2
2008	Hombres	27	Andorra-Sierra de Arcos	3	Graves o muy graves	2
2008	Hombres	29	Comunidad de Teruel	5	Graves o muy graves	2
2008	Hombres	30	Maestrazgo	1	Graves o muy graves	2
2008	Hombres	31	Sierra de Albarracín	1	Graves o muy graves	2
2008	Hombres	32	Gúdar-Javalambre	2	Graves o muy graves	2
2008	Hombres	NC	Municipio del centro de trabajo fuera de Aragón	5	Graves o muy graves	2
2008	Mujeres	04	La Ribagorza	1	Graves o muy graves	2
2008	Mujeres	07	Somontano de Barbastro	1	Graves o muy graves	2
2008	Mujeres	11	Bajo Cinca / Baix Cinca	1	Graves o muy graves	2
2008	Mujeres	13	Campo de Borja	1	Graves o muy graves	2
2008	Mujeres	17	Central	4	Graves o muy graves	2
2008	Mujeres	24	Campo de Daroca	1	Graves o muy graves	2
2007	Hombres	01	La Jacetania	5	Graves o muy graves	2
2007	Hombres	02	Alto Gállego	4	Graves o muy graves	2
2007	Hombres	04	La Ribagorza	5	Graves o muy graves	2
2007	Hombres	05	Cinco Villas	1	Graves o muy graves	2
2007	Hombres	06	Hoya de Huesca / Plana de Uesca	9	Graves o muy graves	2
2007	Hombres	07	Somontano de Barbastro	5	Graves o muy graves	2
2007	Hombres	08	Cinca Medio	6	Graves o muy graves	2
2007	Hombres	09	La Litera / La Llitera	4	Graves o muy graves	2
2007	Hombres	10	Los Monegros	3	Graves o muy graves	2
2007	Hombres	11	Bajo Cinca / Baix Cinca	5	Graves o muy graves	2
2007	Hombres	13	Campo de Borja	1	Graves o muy graves	2
2007	Hombres	15	Ribera Alta del Ebro	7	Graves o muy graves	2
2007	Hombres	16	Valdejalón	8	Graves o muy graves	2
2007	Hombres	17	Central	84	Graves o muy graves	2
2007	Hombres	19	Bajo Aragón-Caspe / Baix Aragó-Casp	1	Graves o muy graves	2
2007	Hombres	20	Comunidad de Calatayud	2	Graves o muy graves	2
2007	Hombres	21	Campo de Cariñena	2	Graves o muy graves	2
2007	Hombres	22	Campo de Belchite	2	Graves o muy graves	2
2007	Hombres	25	Jiloca	1	Graves o muy graves	2
2007	Hombres	26	Cuencas Mineras	2	Graves o muy graves	2
2007	Hombres	27	Andorra-Sierra de Arcos	3	Graves o muy graves	2
2007	Hombres	28	Bajo Aragón	4	Graves o muy graves	2
2007	Hombres	29	Comunidad de Teruel	5	Graves o muy graves	2
2007	Hombres	31	Sierra de Albarracín	1	Graves o muy graves	2
2007	Hombres	32	Gúdar-Javalambre	2	Graves o muy graves	2
2007	Hombres	NC	Municipio del centro de trabajo fuera de Aragón	9	Graves o muy graves	2
2007	Mujeres	01	La Jacetania	1	Graves o muy graves	2
2007	Mujeres	05	Cinco Villas	1	Graves o muy graves	2
2007	Mujeres	11	Bajo Cinca / Baix Cinca	1	Graves o muy graves	2
2007	Mujeres	12	Tarazona y el Moncayo	1	Graves o muy graves	2
2007	Mujeres	15	Ribera Alta del Ebro	1	Graves o muy graves	2
2007	Mujeres	16	Valdejalón	1	Graves o muy graves	2
2007	Mujeres	17	Central	3	Graves o muy graves	2
2006	Hombres	01	La Jacetania	5	Graves o muy graves	2
2006	Hombres	02	Alto Gállego	3	Graves o muy graves	2
2006	Hombres	05	Cinco Villas	5	Graves o muy graves	2
2006	Hombres	06	Hoya de Huesca / Plana de Uesca	12	Graves o muy graves	2
2006	Hombres	07	Somontano de Barbastro	2	Graves o muy graves	2
2006	Hombres	08	Cinca Medio	3	Graves o muy graves	2
2006	Hombres	09	La Litera / La Llitera	3	Graves o muy graves	2
2006	Hombres	10	Los Monegros	2	Graves o muy graves	2
2006	Hombres	11	Bajo Cinca / Baix Cinca	2	Graves o muy graves	2
2006	Hombres	13	Campo de Borja	5	Graves o muy graves	2
2006	Hombres	15	Ribera Alta del Ebro	5	Graves o muy graves	2
2006	Hombres	16	Valdejalón	9	Graves o muy graves	2
2006	Hombres	17	Central	82	Graves o muy graves	2
2006	Hombres	18	Ribera Baja del Ebro	1	Graves o muy graves	2
2006	Hombres	19	Bajo Aragón-Caspe / Baix Aragó-Casp	1	Graves o muy graves	2
2006	Hombres	21	Campo de Cariñena	1	Graves o muy graves	2
2006	Hombres	22	Campo de Belchite	2	Graves o muy graves	2
2006	Hombres	27	Andorra-Sierra de Arcos	3	Graves o muy graves	2
2006	Hombres	29	Comunidad de Teruel	4	Graves o muy graves	2
2006	Hombres	31	Sierra de Albarracín	1	Graves o muy graves	2
2006	Hombres	32	Gúdar-Javalambre	2	Graves o muy graves	2
2006	Hombres	NC	Municipio del centro de trabajo fuera de Aragón	4	Graves o muy graves	2
2006	Mujeres	01	La Jacetania	1	Graves o muy graves	2
2006	Mujeres	05	Cinco Villas	1	Graves o muy graves	2
2006	Mujeres	08	Cinca Medio	1	Graves o muy graves	2
2006	Mujeres	15	Ribera Alta del Ebro	1	Graves o muy graves	2
2006	Mujeres	17	Central	5	Graves o muy graves	2
2006	Mujeres	20	Comunidad de Calatayud	1	Graves o muy graves	2
2006	Mujeres	33	Matarraña / Matarranya	1	Graves o muy graves	2
2005	Hombres	01	La Jacetania	4	Graves o muy graves	2
2005	Hombres	02	Alto Gállego	1	Graves o muy graves	2
2005	Hombres	03	Sobrarbe	1	Graves o muy graves	2
2005	Hombres	05	Cinco Villas	6	Graves o muy graves	2
2005	Hombres	06	Hoya de Huesca / Plana de Uesca	17	Graves o muy graves	2
2005	Hombres	07	Somontano de Barbastro	2	Graves o muy graves	2
2005	Hombres	08	Cinca Medio	5	Graves o muy graves	2
2005	Hombres	09	La Litera / La Llitera	2	Graves o muy graves	2
2005	Hombres	10	Los Monegros	5	Graves o muy graves	2
2005	Hombres	11	Bajo Cinca / Baix Cinca	5	Graves o muy graves	2
2005	Hombres	12	Tarazona y el Moncayo	2	Graves o muy graves	2
2005	Hombres	13	Campo de Borja	1	Graves o muy graves	2
2005	Hombres	14	Aranda	2	Graves o muy graves	2
2005	Hombres	15	Ribera Alta del Ebro	3	Graves o muy graves	2
2005	Hombres	16	Valdejalón	5	Graves o muy graves	2
2005	Hombres	17	Central	73	Graves o muy graves	2
2005	Hombres	18	Ribera Baja del Ebro	2	Graves o muy graves	2
2005	Hombres	19	Bajo Aragón-Caspe / Baix Aragó-Casp	3	Graves o muy graves	2
2005	Hombres	20	Comunidad de Calatayud	3	Graves o muy graves	2
2005	Hombres	21	Campo de Cariñena	4	Graves o muy graves	2
2005	Hombres	22	Campo de Belchite	1	Graves o muy graves	2
2005	Hombres	23	Bajo Martín	1	Graves o muy graves	2
2005	Hombres	24	Campo de Daroca	1	Graves o muy graves	2
2005	Hombres	25	Jiloca	3	Graves o muy graves	2
2005	Hombres	26	Cuencas Mineras	1	Graves o muy graves	2
2005	Hombres	27	Andorra-Sierra de Arcos	5	Graves o muy graves	2
2005	Hombres	28	Bajo Aragón	6	Graves o muy graves	2
2005	Hombres	29	Comunidad de Teruel	7	Graves o muy graves	2
2005	Hombres	32	Gúdar-Javalambre	4	Graves o muy graves	2
2005	Hombres	NC	Municipio del centro de trabajo fuera de Aragón	7	Graves o muy graves	2
2005	Mujeres	03	Sobrarbe	1	Graves o muy graves	2
2005	Mujeres	07	Somontano de Barbastro	1	Graves o muy graves	2
2005	Mujeres	10	Los Monegros	1	Graves o muy graves	2
2005	Mujeres	11	Bajo Cinca / Baix Cinca	3	Graves o muy graves	2
2005	Mujeres	13	Campo de Borja	1	Graves o muy graves	2
2005	Mujeres	15	Ribera Alta del Ebro	1	Graves o muy graves	2
2005	Mujeres	16	Valdejalón	1	Graves o muy graves	2
2005	Mujeres	17	Central	6	Graves o muy graves	2
2005	Mujeres	28	Bajo Aragón	1	Graves o muy graves	2
2004	Hombres	01	La Jacetania	5	Graves o muy graves	2
2004	Hombres	02	Alto Gállego	2	Graves o muy graves	2
2004	Hombres	03	Sobrarbe	2	Graves o muy graves	2
2004	Hombres	04	La Ribagorza	6	Graves o muy graves	2
2004	Hombres	05	Cinco Villas	8	Graves o muy graves	2
2004	Hombres	06	Hoya de Huesca / Plana de Uesca	6	Graves o muy graves	2
2004	Hombres	07	Somontano de Barbastro	3	Graves o muy graves	2
2004	Hombres	08	Cinca Medio	6	Graves o muy graves	2
2004	Hombres	09	La Litera / La Llitera	4	Graves o muy graves	2
2004	Hombres	10	Los Monegros	4	Graves o muy graves	2
2004	Hombres	11	Bajo Cinca / Baix Cinca	7	Graves o muy graves	2
2004	Hombres	12	Tarazona y el Moncayo	2	Graves o muy graves	2
2004	Hombres	13	Campo de Borja	2	Graves o muy graves	2
2004	Hombres	15	Ribera Alta del Ebro	5	Graves o muy graves	2
2004	Hombres	16	Valdejalón	3	Graves o muy graves	2
2004	Hombres	17	Central	88	Graves o muy graves	2
2004	Hombres	18	Ribera Baja del Ebro	1	Graves o muy graves	2
2004	Hombres	19	Bajo Aragón-Caspe / Baix Aragó-Casp	2	Graves o muy graves	2
2004	Hombres	20	Comunidad de Calatayud	4	Graves o muy graves	2
2004	Hombres	23	Bajo Martín	2	Graves o muy graves	2
2004	Hombres	25	Jiloca	1	Graves o muy graves	2
2004	Hombres	26	Cuencas Mineras	1	Graves o muy graves	2
2004	Hombres	27	Andorra-Sierra de Arcos	5	Graves o muy graves	2
2004	Hombres	28	Bajo Aragón	7	Graves o muy graves	2
2004	Hombres	29	Comunidad de Teruel	8	Graves o muy graves	2
2004	Hombres	31	Sierra de Albarracín	4	Graves o muy graves	2
2004	Hombres	32	Gúdar-Javalambre	4	Graves o muy graves	2
2004	Hombres	33	Matarraña / Matarranya	1	Graves o muy graves	2
2004	Hombres	NC	Municipio del centro de trabajo fuera de Aragón	8	Graves o muy graves	2
2004	Mujeres	03	Sobrarbe	1	Graves o muy graves	2
2004	Mujeres	05	Cinco Villas	1	Graves o muy graves	2
2004	Mujeres	06	Hoya de Huesca / Plana de Uesca	3	Graves o muy graves	2
2004	Mujeres	11	Bajo Cinca / Baix Cinca	1	Graves o muy graves	2
2004	Mujeres	17	Central	16	Graves o muy graves	2
2004	Mujeres	29	Comunidad de Teruel	1	Graves o muy graves	2
2004	Mujeres	32	Gúdar-Javalambre	1	Graves o muy graves	2
2004	Mujeres	33	Matarraña / Matarranya	1	Graves o muy graves	2
2003	Hombres	01	La Jacetania	7	Graves o muy graves	2
2003	Hombres	02	Alto Gállego	2	Graves o muy graves	2
2003	Hombres	03	Sobrarbe	2	Graves o muy graves	2
2003	Hombres	04	La Ribagorza	3	Graves o muy graves	2
2003	Hombres	05	Cinco Villas	8	Graves o muy graves	2
2003	Hombres	06	Hoya de Huesca / Plana de Uesca	11	Graves o muy graves	2
2003	Hombres	07	Somontano de Barbastro	7	Graves o muy graves	2
2003	Hombres	08	Cinca Medio	2	Graves o muy graves	2
2003	Hombres	09	La Litera / La Llitera	2	Graves o muy graves	2
2003	Hombres	10	Los Monegros	3	Graves o muy graves	2
2003	Hombres	11	Bajo Cinca / Baix Cinca	4	Graves o muy graves	2
2003	Hombres	12	Tarazona y el Moncayo	2	Graves o muy graves	2
2003	Hombres	13	Campo de Borja	2	Graves o muy graves	2
2003	Hombres	14	Aranda	2	Graves o muy graves	2
2003	Hombres	15	Ribera Alta del Ebro	7	Graves o muy graves	2
2003	Hombres	16	Valdejalón	5	Graves o muy graves	2
2003	Hombres	17	Central	94	Graves o muy graves	2
2003	Hombres	18	Ribera Baja del Ebro	1	Graves o muy graves	2
2003	Hombres	19	Bajo Aragón-Caspe / Baix Aragó-Casp	3	Graves o muy graves	2
2003	Hombres	20	Comunidad de Calatayud	6	Graves o muy graves	2
2003	Hombres	22	Campo de Belchite	2	Graves o muy graves	2
2003	Hombres	25	Jiloca	7	Graves o muy graves	2
2003	Hombres	27	Andorra-Sierra de Arcos	1	Graves o muy graves	2
2003	Hombres	28	Bajo Aragón	7	Graves o muy graves	2
2003	Hombres	29	Comunidad de Teruel	14	Graves o muy graves	2
2003	Hombres	32	Gúdar-Javalambre	2	Graves o muy graves	2
2003	Hombres	33	Matarraña / Matarranya	2	Graves o muy graves	2
2003	Hombres	NC	Municipio del centro de trabajo fuera de Aragón	3	Graves o muy graves	2
2003	Mujeres	01	La Jacetania	2	Graves o muy graves	2
2003	Mujeres	06	Hoya de Huesca / Plana de Uesca	1	Graves o muy graves	2
2003	Mujeres	14	Aranda	1	Graves o muy graves	2
2003	Mujeres	17	Central	10	Graves o muy graves	2
2003	Mujeres	27	Andorra-Sierra de Arcos	1	Graves o muy graves	2
2003	Mujeres	29	Comunidad de Teruel	1	Graves o muy graves	2
2003	Mujeres	32	Gúdar-Javalambre	1	Graves o muy graves	2
2018	Hombres	02	Alto Gállego	1	Mortales	3
2018	Hombres	05	Cinco Villas	1	Mortales	3
2018	Hombres	06	Hoya de Huesca / Plana de Uesca	3	Mortales	3
2018	Hombres	08	Cinca Medio	2	Mortales	3
2018	Hombres	10	Los Monegros	2	Mortales	3
2018	Hombres	11	Bajo Cinca / Baix Cinca	1	Mortales	3
2018	Hombres	14	Aranda	1	Mortales	3
2018	Hombres	15	Ribera Alta del Ebro	4	Mortales	3
2018	Hombres	16	Valdejalón	1	Mortales	3
2018	Hombres	17	Central	10	Mortales	3
2018	Hombres	20	Comunidad de Calatayud	1	Mortales	3
2018	Hombres	23	Bajo Martín	1	Mortales	3
2018	Hombres	25	Jiloca	1	Mortales	3
2018	Hombres	28	Bajo Aragón	1	Mortales	3
2018	Hombres	29	Comunidad de Teruel	2	Mortales	3
2018	Hombres	NC	Municipio del centro de trabajo fuera de Aragón	2	Mortales	3
2018	Mujeres	17	Central	2	Mortales	3
2018	Mujeres	18	Ribera Baja del Ebro	1	Mortales	3
2017	Hombres	04	La Ribagorza	1	Mortales	3
2017	Hombres	06	Hoya de Huesca / Plana de Uesca	2	Mortales	3
2017	Hombres	08	Cinca Medio	1	Mortales	3
2017	Hombres	11	Bajo Cinca / Baix Cinca	1	Mortales	3
2017	Hombres	15	Ribera Alta del Ebro	2	Mortales	3
2017	Hombres	16	Valdejalón	1	Mortales	3
2017	Hombres	17	Central	11	Mortales	3
2017	Hombres	27	Andorra-Sierra de Arcos	1	Mortales	3
2017	Hombres	28	Bajo Aragón	2	Mortales	3
2017	Hombres	29	Comunidad de Teruel	3	Mortales	3
2017	Hombres	32	Gúdar-Javalambre	1	Mortales	3
2017	Hombres	NC	Municipio del centro de trabajo fuera de Aragón	1	Mortales	3
2017	Mujeres	18	Ribera Baja del Ebro	1	Mortales	3
2017	Mujeres	31	Sierra de Albarracín	1	Mortales	3
2016	Hombres	02	Alto Gállego	1	Mortales	3
2016	Hombres	03	Sobrarbe	1	Mortales	3
2016	Hombres	06	Hoya de Huesca / Plana de Uesca	1	Mortales	3
2016	Hombres	09	La Litera / La Llitera	1	Mortales	3
2016	Hombres	10	Los Monegros	2	Mortales	3
2016	Hombres	11	Bajo Cinca / Baix Cinca	1	Mortales	3
2016	Hombres	15	Ribera Alta del Ebro	2	Mortales	3
2016	Hombres	17	Central	8	Mortales	3
2016	Hombres	24	Campo de Daroca	2	Mortales	3
2016	Hombres	25	Jiloca	1	Mortales	3
2016	Hombres	28	Bajo Aragón	1	Mortales	3
2016	Hombres	29	Comunidad de Teruel	1	Mortales	3
2016	Hombres	NC	Municipio del centro de trabajo fuera de Aragón	2	Mortales	3
2016	Mujeres	06	Hoya de Huesca / Plana de Uesca	1	Mortales	3
2015	Hombres	05	Cinco Villas	3	Mortales	3
2015	Hombres	06	Hoya de Huesca / Plana de Uesca	1	Mortales	3
2015	Hombres	08	Cinca Medio	1	Mortales	3
2015	Hombres	10	Los Monegros	1	Mortales	3
2015	Hombres	11	Bajo Cinca / Baix Cinca	1	Mortales	3
2015	Hombres	14	Aranda	1	Mortales	3
2015	Hombres	15	Ribera Alta del Ebro	2	Mortales	3
2015	Hombres	16	Valdejalón	1	Mortales	3
2015	Hombres	17	Central	10	Mortales	3
2015	Hombres	19	Bajo Aragón-Caspe / Baix Aragó-Casp	1	Mortales	3
2015	Hombres	26	Cuencas Mineras	1	Mortales	3
2015	Hombres	NC	Municipio del centro de trabajo fuera de Aragón	1	Mortales	3
2015	Mujeres	15	Ribera Alta del Ebro	1	Mortales	3
2015	Mujeres	17	Central	4	Mortales	3
2014	Hombres	02	Alto Gállego	1	Mortales	3
2014	Hombres	04	La Ribagorza	1	Mortales	3
2014	Hombres	05	Cinco Villas	1	Mortales	3
2014	Hombres	08	Cinca Medio	1	Mortales	3
2014	Hombres	16	Valdejalón	1	Mortales	3
2014	Hombres	17	Central	5	Mortales	3
2014	Hombres	18	Ribera Baja del Ebro	1	Mortales	3
2014	Hombres	20	Comunidad de Calatayud	1	Mortales	3
2014	Hombres	27	Andorra-Sierra de Arcos	1	Mortales	3
2014	Hombres	29	Comunidad de Teruel	1	Mortales	3
2014	Hombres	33	Matarraña / Matarranya	1	Mortales	3
2014	Hombres	NC	Municipio del centro de trabajo fuera de Aragón	1	Mortales	3
2014	Mujeres	17	Central	2	Mortales	3
2013	Hombres	05	Cinco Villas	1	Mortales	3
2013	Hombres	06	Hoya de Huesca / Plana de Uesca	2	Mortales	3
2013	Hombres	15	Ribera Alta del Ebro	1	Mortales	3
2013	Hombres	17	Central	11	Mortales	3
2013	Hombres	22	Campo de Belchite	1	Mortales	3
2013	Hombres	29	Comunidad de Teruel	1	Mortales	3
2013	Hombres	32	Gúdar-Javalambre	1	Mortales	3
2013	Hombres	NC	Municipio del centro de trabajo fuera de Aragón	1	Mortales	3
2013	Mujeres	17	Central	2	Mortales	3
2012	Hombres	01	La Jacetania	1	Mortales	3
2012	Hombres	04	La Ribagorza	2	Mortales	3
2012	Hombres	07	Somontano de Barbastro	1	Mortales	3
2012	Hombres	10	Los Monegros	1	Mortales	3
2012	Hombres	15	Ribera Alta del Ebro	2	Mortales	3
2012	Hombres	17	Central	4	Mortales	3
2012	Hombres	23	Bajo Martín	1	Mortales	3
2012	Hombres	26	Cuencas Mineras	1	Mortales	3
2012	Hombres	27	Andorra-Sierra de Arcos	2	Mortales	3
2012	Hombres	29	Comunidad de Teruel	2	Mortales	3
2012	Hombres	NC	Municipio del centro de trabajo fuera de Aragón	1	Mortales	3
2012	Mujeres	17	Central	1	Mortales	3
2011	Hombres	05	Cinco Villas	1	Mortales	3
2011	Hombres	10	Los Monegros	1	Mortales	3
2011	Hombres	12	Tarazona y el Moncayo	1	Mortales	3
2011	Hombres	15	Ribera Alta del Ebro	2	Mortales	3
2011	Hombres	16	Valdejalón	1	Mortales	3
2011	Hombres	17	Central	6	Mortales	3
2011	Hombres	18	Ribera Baja del Ebro	1	Mortales	3
2011	Hombres	19	Bajo Aragón-Caspe / Baix Aragó-Casp	1	Mortales	3
2011	Hombres	20	Comunidad de Calatayud	1	Mortales	3
2011	Hombres	29	Comunidad de Teruel	6	Mortales	3
2011	Hombres	32	Gúdar-Javalambre	1	Mortales	3
2011	Hombres	33	Matarraña / Matarranya	3	Mortales	3
2011	Mujeres	01	La Jacetania	1	Mortales	3
2011	Mujeres	11	Bajo Cinca / Baix Cinca	1	Mortales	3
2010	Hombres	04	La Ribagorza	1	Mortales	3
2010	Hombres	05	Cinco Villas	2	Mortales	3
2010	Hombres	06	Hoya de Huesca / Plana de Uesca	2	Mortales	3
2010	Hombres	08	Cinca Medio	2	Mortales	3
2010	Hombres	10	Los Monegros	1	Mortales	3
2010	Hombres	15	Ribera Alta del Ebro	2	Mortales	3
2010	Hombres	17	Central	13	Mortales	3
2010	Hombres	20	Comunidad de Calatayud	1	Mortales	3
2010	Hombres	29	Comunidad de Teruel	3	Mortales	3
2010	Hombres	NC	Municipio del centro de trabajo fuera de Aragón	3	Mortales	3
2010	Mujeres	17	Central	1	Mortales	3
2009	Hombres	03	Sobrarbe	1	Mortales	3
2009	Hombres	04	La Ribagorza	1	Mortales	3
2009	Hombres	06	Hoya de Huesca / Plana de Uesca	3	Mortales	3
2009	Hombres	07	Somontano de Barbastro	1	Mortales	3
2009	Hombres	10	Los Monegros	2	Mortales	3
2009	Hombres	11	Bajo Cinca / Baix Cinca	2	Mortales	3
2009	Hombres	12	Tarazona y el Moncayo	2	Mortales	3
2009	Hombres	15	Ribera Alta del Ebro	2	Mortales	3
2009	Hombres	16	Valdejalón	1	Mortales	3
2009	Hombres	17	Central	19	Mortales	3
2009	Hombres	23	Bajo Martín	1	Mortales	3
2009	Hombres	25	Jiloca	1	Mortales	3
2009	Hombres	27	Andorra-Sierra de Arcos	1	Mortales	3
2009	Hombres	29	Comunidad de Teruel	4	Mortales	3
2009	Hombres	32	Gúdar-Javalambre	1	Mortales	3
2009	Hombres	NC	Municipio del centro de trabajo fuera de Aragón	1	Mortales	3
2008	Hombres	05	Cinco Villas	2	Mortales	3
2008	Hombres	06	Hoya de Huesca / Plana de Uesca	1	Mortales	3
2008	Hombres	09	La Litera / La Llitera	1	Mortales	3
2008	Hombres	15	Ribera Alta del Ebro	2	Mortales	3
2008	Hombres	17	Central	13	Mortales	3
2008	Hombres	18	Ribera Baja del Ebro	2	Mortales	3
2008	Hombres	20	Comunidad de Calatayud	1	Mortales	3
2008	Hombres	21	Campo de Cariñena	1	Mortales	3
2008	Hombres	27	Andorra-Sierra de Arcos	2	Mortales	3
2008	Hombres	28	Bajo Aragón	1	Mortales	3
2008	Hombres	29	Comunidad de Teruel	3	Mortales	3
2008	Mujeres	17	Central	1	Mortales	3
2007	Hombres	01	La Jacetania	1	Mortales	3
2007	Hombres	05	Cinco Villas	4	Mortales	3
2007	Hombres	06	Hoya de Huesca / Plana de Uesca	1	Mortales	3
2007	Hombres	07	Somontano de Barbastro	1	Mortales	3
2007	Hombres	08	Cinca Medio	2	Mortales	3
2007	Hombres	11	Bajo Cinca / Baix Cinca	1	Mortales	3
2007	Hombres	14	Aranda	1	Mortales	3
2007	Hombres	15	Ribera Alta del Ebro	1	Mortales	3
2007	Hombres	16	Valdejalón	2	Mortales	3
2007	Hombres	17	Central	11	Mortales	3
2007	Hombres	20	Comunidad de Calatayud	1	Mortales	3
2007	Hombres	21	Campo de Cariñena	1	Mortales	3
2007	Hombres	23	Bajo Martín	1	Mortales	3
2007	Hombres	24	Campo de Daroca	1	Mortales	3
2007	Hombres	25	Jiloca	1	Mortales	3
2007	Hombres	26	Cuencas Mineras	3	Mortales	3
2007	Hombres	29	Comunidad de Teruel	4	Mortales	3
2007	Hombres	NC	Municipio del centro de trabajo fuera de Aragón	1	Mortales	3
2007	Mujeres	29	Comunidad de Teruel	1	Mortales	3
2006	Hombres	01	La Jacetania	1	Mortales	3
2006	Hombres	06	Hoya de Huesca / Plana de Uesca	3	Mortales	3
2006	Hombres	16	Valdejalón	1	Mortales	3
2006	Hombres	17	Central	17	Mortales	3
2006	Hombres	20	Comunidad de Calatayud	2	Mortales	3
2006	Hombres	21	Campo de Cariñena	1	Mortales	3
2006	Hombres	25	Jiloca	1	Mortales	3
2006	Hombres	26	Cuencas Mineras	1	Mortales	3
2006	Hombres	27	Andorra-Sierra de Arcos	1	Mortales	3
2006	Hombres	28	Bajo Aragón	1	Mortales	3
2006	Hombres	29	Comunidad de Teruel	2	Mortales	3
2006	Hombres	30	Maestrazgo	1	Mortales	3
2006	Hombres	NC	Municipio del centro de trabajo fuera de Aragón	1	Mortales	3
2006	Mujeres	17	Central	1	Mortales	3
2005	Hombres	01	La Jacetania	1	Mortales	3
2005	Hombres	02	Alto Gállego	1	Mortales	3
2005	Hombres	07	Somontano de Barbastro	1	Mortales	3
2005	Hombres	08	Cinca Medio	2	Mortales	3
2005	Hombres	10	Los Monegros	1	Mortales	3
2005	Hombres	12	Tarazona y el Moncayo	1	Mortales	3
2005	Hombres	15	Ribera Alta del Ebro	3	Mortales	3
2005	Hombres	17	Central	16	Mortales	3
2005	Hombres	18	Ribera Baja del Ebro	1	Mortales	3
2005	Hombres	23	Bajo Martín	1	Mortales	3
2005	Hombres	27	Andorra-Sierra de Arcos	2	Mortales	3
2005	Hombres	28	Bajo Aragón	2	Mortales	3
2005	Hombres	32	Gúdar-Javalambre	1	Mortales	3
2005	Hombres	NC	Municipio del centro de trabajo fuera de Aragón	1	Mortales	3
2005	Mujeres	17	Central	1	Mortales	3
2004	Hombres	01	La Jacetania	3	Mortales	3
2004	Hombres	05	Cinco Villas	1	Mortales	3
2004	Hombres	06	Hoya de Huesca / Plana de Uesca	2	Mortales	3
2004	Hombres	07	Somontano de Barbastro	1	Mortales	3
2004	Hombres	08	Cinca Medio	2	Mortales	3
2004	Hombres	09	La Litera / La Llitera	2	Mortales	3
2004	Hombres	11	Bajo Cinca / Baix Cinca	1	Mortales	3
2004	Hombres	17	Central	17	Mortales	3
2004	Hombres	20	Comunidad de Calatayud	3	Mortales	3
2004	Hombres	21	Campo de Cariñena	1	Mortales	3
2004	Hombres	23	Bajo Martín	2	Mortales	3
2004	Hombres	26	Cuencas Mineras	1	Mortales	3
2004	Hombres	28	Bajo Aragón	3	Mortales	3
2004	Hombres	29	Comunidad de Teruel	1	Mortales	3
2004	Hombres	33	Matarraña / Matarranya	1	Mortales	3
2004	Hombres	NC	Municipio del centro de trabajo fuera de Aragón	1	Mortales	3
2004	Mujeres	17	Central	2	Mortales	3
2003	Hombres	01	La Jacetania	1	Mortales	3
2003	Hombres	05	Cinco Villas	2	Mortales	3
2003	Hombres	07	Somontano de Barbastro	1	Mortales	3
2003	Hombres	08	Cinca Medio	1	Mortales	3
2003	Hombres	09	La Litera / La Llitera	1	Mortales	3
2003	Hombres	11	Bajo Cinca / Baix Cinca	1	Mortales	3
2003	Hombres	12	Tarazona y el Moncayo	1	Mortales	3
2003	Hombres	15	Ribera Alta del Ebro	1	Mortales	3
2003	Hombres	17	Central	6	Mortales	3
2003	Hombres	18	Ribera Baja del Ebro	1	Mortales	3
2003	Hombres	20	Comunidad de Calatayud	2	Mortales	3
2003	Hombres	25	Jiloca	2	Mortales	3
2003	Hombres	26	Cuencas Mineras	3	Mortales	3
2003	Hombres	28	Bajo Aragón	3	Mortales	3
2003	Hombres	29	Comunidad de Teruel	2	Mortales	3
2003	Hombres	NC	Municipio del centro de trabajo fuera de Aragón	3	Mortales	3
2003	Mujeres	06	Hoya de Huesca / Plana de Uesca	1	Mortales	3