Comarca código	Comarca nombre	Tipo variación	Sexo	Año	Variaciones
01	La Jacetania	Externa	Hombres	2017	426
01	La Jacetania	Externa	Mujeres	2017	365
01	La Jacetania	Interna	Hombres	2017	46
01	La Jacetania	Interna	Mujeres	2017	52
02	Alto Gállego	Externa	Hombres	2017	309
02	Alto Gállego	Externa	Mujeres	2017	264
02	Alto Gállego	Interna	Hombres	2017	30
02	Alto Gállego	Interna	Mujeres	2017	26
03	Sobrarbe	Externa	Hombres	2017	162
03	Sobrarbe	Externa	Mujeres	2017	143
03	Sobrarbe	Interna	Hombres	2017	52
03	Sobrarbe	Interna	Mujeres	2017	39
04	La Ribagorza	Externa	Hombres	2017	272
04	La Ribagorza	Externa	Mujeres	2017	242
04	La Ribagorza	Interna	Hombres	2017	55
04	La Ribagorza	Interna	Mujeres	2017	68
05	Cinco Villas	Externa	Hombres	2017	417
05	Cinco Villas	Externa	Mujeres	2017	413
05	Cinco Villas	Interna	Hombres	2017	51
05	Cinco Villas	Interna	Mujeres	2017	65
06	Hoya de Huesca / Plana de Uesca	Externa	Hombres	2017	1009
06	Hoya de Huesca / Plana de Uesca	Externa	Mujeres	2017	1019
06	Hoya de Huesca / Plana de Uesca	Interna	Hombres	2017	288
06	Hoya de Huesca / Plana de Uesca	Interna	Mujeres	2017	314
07	Somontano de Barbastro	Externa	Hombres	2017	330
07	Somontano de Barbastro	Externa	Mujeres	2017	377
07	Somontano de Barbastro	Interna	Hombres	2017	72
07	Somontano de Barbastro	Interna	Mujeres	2017	84
08	Cinca Medio	Externa	Hombres	2017	418
08	Cinca Medio	Externa	Mujeres	2017	362
08	Cinca Medio	Interna	Hombres	2017	48
08	Cinca Medio	Interna	Mujeres	2017	55
09	La Litera / La Llitera	Externa	Hombres	2017	326
09	La Litera / La Llitera	Externa	Mujeres	2017	242
09	La Litera / La Llitera	Interna	Hombres	2017	70
09	La Litera / La Llitera	Interna	Mujeres	2017	57
10	Los Monegros	Externa	Hombres	2017	316
10	Los Monegros	Externa	Mujeres	2017	348
10	Los Monegros	Interna	Hombres	2017	42
10	Los Monegros	Interna	Mujeres	2017	41
11	Bajo Cinca / Baix Cinca	Externa	Hombres	2017	575
11	Bajo Cinca / Baix Cinca	Externa	Mujeres	2017	420
11	Bajo Cinca / Baix Cinca	Interna	Hombres	2017	62
11	Bajo Cinca / Baix Cinca	Interna	Mujeres	2017	61
12	Tarazona y el Moncayo	Externa	Hombres	2017	203
12	Tarazona y el Moncayo	Externa	Mujeres	2017	234
12	Tarazona y el Moncayo	Interna	Hombres	2017	36
12	Tarazona y el Moncayo	Interna	Mujeres	2017	36
13	Campo de Borja	Externa	Hombres	2017	196
13	Campo de Borja	Externa	Mujeres	2017	194
13	Campo de Borja	Interna	Hombres	2017	60
13	Campo de Borja	Interna	Mujeres	2017	38
14	Aranda	Externa	Hombres	2017	115
14	Aranda	Externa	Mujeres	2017	109
14	Aranda	Interna	Hombres	2017	21
14	Aranda	Interna	Mujeres	2017	15
15	Ribera Alta del Ebro	Externa	Hombres	2017	502
15	Ribera Alta del Ebro	Externa	Mujeres	2017	509
15	Ribera Alta del Ebro	Interna	Hombres	2017	94
15	Ribera Alta del Ebro	Interna	Mujeres	2017	82
16	Valdejalón	Externa	Hombres	2017	664
16	Valdejalón	Externa	Mujeres	2017	589
16	Valdejalón	Interna	Hombres	2017	91
16	Valdejalón	Interna	Mujeres	2017	90
17	Central	Externa	Hombres	2017	9848
17	Central	Externa	Mujeres	2017	8929
17	Central	Interna	Hombres	2017	2231
17	Central	Interna	Mujeres	2017	2334
18	Ribera Baja del Ebro	Externa	Hombres	2017	159
18	Ribera Baja del Ebro	Externa	Mujeres	2017	171
18	Ribera Baja del Ebro	Interna	Hombres	2017	8
18	Ribera Baja del Ebro	Interna	Mujeres	2017	14
19	Bajo Aragón-Caspe / Baix Aragó-Casp	Externa	Hombres	2017	394
19	Bajo Aragón-Caspe / Baix Aragó-Casp	Externa	Mujeres	2017	240
19	Bajo Aragón-Caspe / Baix Aragó-Casp	Interna	Hombres	2017	34
19	Bajo Aragón-Caspe / Baix Aragó-Casp	Interna	Mujeres	2017	21
20	Comunidad de Calatayud	Externa	Hombres	2017	887
20	Comunidad de Calatayud	Externa	Mujeres	2017	632
20	Comunidad de Calatayud	Interna	Hombres	2017	202
20	Comunidad de Calatayud	Interna	Mujeres	2017	183
21	Campo de Cariñena	Externa	Hombres	2017	230
21	Campo de Cariñena	Externa	Mujeres	2017	210
21	Campo de Cariñena	Interna	Hombres	2017	9
21	Campo de Cariñena	Interna	Mujeres	2017	14
22	Campo de Belchite	Externa	Hombres	2017	121
22	Campo de Belchite	Externa	Mujeres	2017	115
22	Campo de Belchite	Interna	Hombres	2017	13
22	Campo de Belchite	Interna	Mujeres	2017	12
23	Bajo Martín	Externa	Hombres	2017	114
23	Bajo Martín	Externa	Mujeres	2017	123
23	Bajo Martín	Interna	Hombres	2017	16
23	Bajo Martín	Interna	Mujeres	2017	10
24	Campo de Daroca	Externa	Hombres	2017	113
24	Campo de Daroca	Externa	Mujeres	2017	130
24	Campo de Daroca	Interna	Hombres	2017	16
24	Campo de Daroca	Interna	Mujeres	2017	22
25	Jiloca	Externa	Hombres	2017	250
25	Jiloca	Externa	Mujeres	2017	257
25	Jiloca	Interna	Hombres	2017	53
25	Jiloca	Interna	Mujeres	2017	57
26	Cuencas Mineras	Externa	Hombres	2017	191
26	Cuencas Mineras	Externa	Mujeres	2017	157
26	Cuencas Mineras	Interna	Hombres	2017	39
26	Cuencas Mineras	Interna	Mujeres	2017	19
27	Andorra-Sierra de Arcos	Externa	Hombres	2017	250
27	Andorra-Sierra de Arcos	Externa	Mujeres	2017	239
27	Andorra-Sierra de Arcos	Interna	Hombres	2017	25
27	Andorra-Sierra de Arcos	Interna	Mujeres	2017	26
28	Bajo Aragón	Externa	Hombres	2017	485
28	Bajo Aragón	Externa	Mujeres	2017	490
28	Bajo Aragón	Interna	Hombres	2017	75
28	Bajo Aragón	Interna	Mujeres	2017	95
29	Comunidad de Teruel	Externa	Hombres	2017	696
29	Comunidad de Teruel	Externa	Mujeres	2017	664
29	Comunidad de Teruel	Interna	Hombres	2017	169
29	Comunidad de Teruel	Interna	Mujeres	2017	155
30	Maestrazgo	Externa	Hombres	2017	61
30	Maestrazgo	Externa	Mujeres	2017	53
30	Maestrazgo	Interna	Hombres	2017	15
30	Maestrazgo	Interna	Mujeres	2017	5
31	Sierra de Albarracín	Externa	Hombres	2017	129
31	Sierra de Albarracín	Externa	Mujeres	2017	92
31	Sierra de Albarracín	Interna	Hombres	2017	12
31	Sierra de Albarracín	Interna	Mujeres	2017	10
32	Gúdar-Javalambre	Externa	Hombres	2017	191
32	Gúdar-Javalambre	Externa	Mujeres	2017	172
32	Gúdar-Javalambre	Interna	Hombres	2017	27
32	Gúdar-Javalambre	Interna	Mujeres	2017	15
33	Matarraña / Matarranya	Externa	Hombres	2017	170
33	Matarraña / Matarranya	Externa	Mujeres	2017	130
33	Matarraña / Matarranya	Interna	Hombres	2017	39
33	Matarraña / Matarranya	Interna	Mujeres	2017	43
01	La Jacetania	Externa	Hombres	2016	401
01	La Jacetania	Externa	Mujeres	2016	377
01	La Jacetania	Interna	Hombres	2016	42
01	La Jacetania	Interna	Mujeres	2016	57
02	Alto Gállego	Externa	Hombres	2016	228
02	Alto Gállego	Externa	Mujeres	2016	241
02	Alto Gállego	Interna	Hombres	2016	37
02	Alto Gállego	Interna	Mujeres	2016	25
03	Sobrarbe	Externa	Hombres	2016	141
03	Sobrarbe	Externa	Mujeres	2016	123
03	Sobrarbe	Interna	Hombres	2016	35
03	Sobrarbe	Interna	Mujeres	2016	29
04	La Ribagorza	Externa	Hombres	2016	273
04	La Ribagorza	Externa	Mujeres	2016	231
04	La Ribagorza	Interna	Hombres	2016	80
04	La Ribagorza	Interna	Mujeres	2016	70
05	Cinco Villas	Externa	Hombres	2016	366
05	Cinco Villas	Externa	Mujeres	2016	336
05	Cinco Villas	Interna	Hombres	2016	58
05	Cinco Villas	Interna	Mujeres	2016	61
06	Hoya de Huesca / Plana de Uesca	Externa	Hombres	2016	950
06	Hoya de Huesca / Plana de Uesca	Externa	Mujeres	2016	947
06	Hoya de Huesca / Plana de Uesca	Interna	Hombres	2016	286
06	Hoya de Huesca / Plana de Uesca	Interna	Mujeres	2016	271
07	Somontano de Barbastro	Externa	Hombres	2016	299
07	Somontano de Barbastro	Externa	Mujeres	2016	317
07	Somontano de Barbastro	Interna	Hombres	2016	68
07	Somontano de Barbastro	Interna	Mujeres	2016	70
08	Cinca Medio	Externa	Hombres	2016	428
08	Cinca Medio	Externa	Mujeres	2016	338
08	Cinca Medio	Interna	Hombres	2016	56
08	Cinca Medio	Interna	Mujeres	2016	55
09	La Litera / La Llitera	Externa	Hombres	2016	370
09	La Litera / La Llitera	Externa	Mujeres	2016	282
09	La Litera / La Llitera	Interna	Hombres	2016	50
09	La Litera / La Llitera	Interna	Mujeres	2016	47
10	Los Monegros	Externa	Hombres	2016	318
10	Los Monegros	Externa	Mujeres	2016	346
10	Los Monegros	Interna	Hombres	2016	31
10	Los Monegros	Interna	Mujeres	2016	34
11	Bajo Cinca / Baix Cinca	Externa	Hombres	2016	523
11	Bajo Cinca / Baix Cinca	Externa	Mujeres	2016	407
11	Bajo Cinca / Baix Cinca	Interna	Hombres	2016	55
11	Bajo Cinca / Baix Cinca	Interna	Mujeres	2016	44
12	Tarazona y el Moncayo	Externa	Hombres	2016	243
12	Tarazona y el Moncayo	Externa	Mujeres	2016	203
12	Tarazona y el Moncayo	Interna	Hombres	2016	37
12	Tarazona y el Moncayo	Interna	Mujeres	2016	49
13	Campo de Borja	Externa	Hombres	2016	207
13	Campo de Borja	Externa	Mujeres	2016	198
13	Campo de Borja	Interna	Hombres	2016	53
13	Campo de Borja	Interna	Mujeres	2016	49
14	Aranda	Externa	Hombres	2016	102
14	Aranda	Externa	Mujeres	2016	103
14	Aranda	Interna	Hombres	2016	16
14	Aranda	Interna	Mujeres	2016	19
15	Ribera Alta del Ebro	Externa	Hombres	2016	479
15	Ribera Alta del Ebro	Externa	Mujeres	2016	485
15	Ribera Alta del Ebro	Interna	Hombres	2016	70
15	Ribera Alta del Ebro	Interna	Mujeres	2016	82
16	Valdejalón	Externa	Hombres	2016	656
16	Valdejalón	Externa	Mujeres	2016	588
16	Valdejalón	Interna	Hombres	2016	86
16	Valdejalón	Interna	Mujeres	2016	84
17	Central	Externa	Hombres	2016	9228
17	Central	Externa	Mujeres	2016	7552
17	Central	Interna	Hombres	2016	2162
17	Central	Interna	Mujeres	2016	2269
18	Ribera Baja del Ebro	Externa	Hombres	2016	147
18	Ribera Baja del Ebro	Externa	Mujeres	2016	159
18	Ribera Baja del Ebro	Interna	Hombres	2016	3
18	Ribera Baja del Ebro	Interna	Mujeres	2016	7
19	Bajo Aragón-Caspe / Baix Aragó-Casp	Externa	Hombres	2016	336
19	Bajo Aragón-Caspe / Baix Aragó-Casp	Externa	Mujeres	2016	241
19	Bajo Aragón-Caspe / Baix Aragó-Casp	Interna	Hombres	2016	29
19	Bajo Aragón-Caspe / Baix Aragó-Casp	Interna	Mujeres	2016	11
20	Comunidad de Calatayud	Externa	Hombres	2016	970
20	Comunidad de Calatayud	Externa	Mujeres	2016	717
20	Comunidad de Calatayud	Interna	Hombres	2016	205
20	Comunidad de Calatayud	Interna	Mujeres	2016	188
21	Campo de Cariñena	Externa	Hombres	2016	157
21	Campo de Cariñena	Externa	Mujeres	2016	137
21	Campo de Cariñena	Interna	Hombres	2016	14
21	Campo de Cariñena	Interna	Mujeres	2016	16
22	Campo de Belchite	Externa	Hombres	2016	104
22	Campo de Belchite	Externa	Mujeres	2016	100
22	Campo de Belchite	Interna	Hombres	2016	11
22	Campo de Belchite	Interna	Mujeres	2016	4
23	Bajo Martín	Externa	Hombres	2016	137
23	Bajo Martín	Externa	Mujeres	2016	107
23	Bajo Martín	Interna	Hombres	2016	11
23	Bajo Martín	Interna	Mujeres	2016	7
24	Campo de Daroca	Externa	Hombres	2016	131
24	Campo de Daroca	Externa	Mujeres	2016	126
24	Campo de Daroca	Interna	Hombres	2016	21
24	Campo de Daroca	Interna	Mujeres	2016	16
25	Jiloca	Externa	Hombres	2016	256
25	Jiloca	Externa	Mujeres	2016	205
25	Jiloca	Interna	Hombres	2016	56
25	Jiloca	Interna	Mujeres	2016	45
26	Cuencas Mineras	Externa	Hombres	2016	184
26	Cuencas Mineras	Externa	Mujeres	2016	144
26	Cuencas Mineras	Interna	Hombres	2016	32
26	Cuencas Mineras	Interna	Mujeres	2016	26
27	Andorra-Sierra de Arcos	Externa	Hombres	2016	169
27	Andorra-Sierra de Arcos	Externa	Mujeres	2016	167
27	Andorra-Sierra de Arcos	Interna	Hombres	2016	9
27	Andorra-Sierra de Arcos	Interna	Mujeres	2016	15
28	Bajo Aragón	Externa	Hombres	2016	504
28	Bajo Aragón	Externa	Mujeres	2016	486
28	Bajo Aragón	Interna	Hombres	2016	75
28	Bajo Aragón	Interna	Mujeres	2016	59
29	Comunidad de Teruel	Externa	Hombres	2016	722
29	Comunidad de Teruel	Externa	Mujeres	2016	628
29	Comunidad de Teruel	Interna	Hombres	2016	163
29	Comunidad de Teruel	Interna	Mujeres	2016	157
30	Maestrazgo	Externa	Hombres	2016	73
30	Maestrazgo	Externa	Mujeres	2016	70
30	Maestrazgo	Interna	Hombres	2016	6
30	Maestrazgo	Interna	Mujeres	2016	7
31	Sierra de Albarracín	Externa	Hombres	2016	111
31	Sierra de Albarracín	Externa	Mujeres	2016	102
31	Sierra de Albarracín	Interna	Hombres	2016	11
31	Sierra de Albarracín	Interna	Mujeres	2016	8
32	Gúdar-Javalambre	Externa	Hombres	2016	214
32	Gúdar-Javalambre	Externa	Mujeres	2016	193
32	Gúdar-Javalambre	Interna	Hombres	2016	22
32	Gúdar-Javalambre	Interna	Mujeres	2016	29
33	Matarraña / Matarranya	Externa	Hombres	2016	143
33	Matarraña / Matarranya	Externa	Mujeres	2016	150
33	Matarraña / Matarranya	Interna	Hombres	2016	28
33	Matarraña / Matarranya	Interna	Mujeres	2016	36
01	La Jacetania	Externa	Hombres	2015	450
01	La Jacetania	Externa	Mujeres	2015	374
01	La Jacetania	Interna	Hombres	2015	50
01	La Jacetania	Interna	Mujeres	2015	59
02	Alto Gállego	Externa	Hombres	2015	275
02	Alto Gállego	Externa	Mujeres	2015	257
02	Alto Gállego	Interna	Hombres	2015	44
02	Alto Gállego	Interna	Mujeres	2015	33
03	Sobrarbe	Externa	Hombres	2015	232
03	Sobrarbe	Externa	Mujeres	2015	193
03	Sobrarbe	Interna	Hombres	2015	34
03	Sobrarbe	Interna	Mujeres	2015	39
04	La Ribagorza	Externa	Hombres	2015	304
04	La Ribagorza	Externa	Mujeres	2015	278
04	La Ribagorza	Interna	Hombres	2015	66
04	La Ribagorza	Interna	Mujeres	2015	50
05	Cinco Villas	Externa	Hombres	2015	408
05	Cinco Villas	Externa	Mujeres	2015	403
05	Cinco Villas	Interna	Hombres	2015	43
05	Cinco Villas	Interna	Mujeres	2015	60
06	Hoya de Huesca / Plana de Uesca	Externa	Hombres	2015	908
06	Hoya de Huesca / Plana de Uesca	Externa	Mujeres	2015	903
06	Hoya de Huesca / Plana de Uesca	Interna	Hombres	2015	281
06	Hoya de Huesca / Plana de Uesca	Interna	Mujeres	2015	288
07	Somontano de Barbastro	Externa	Hombres	2015	315
07	Somontano de Barbastro	Externa	Mujeres	2015	324
07	Somontano de Barbastro	Interna	Hombres	2015	67
07	Somontano de Barbastro	Interna	Mujeres	2015	77
08	Cinca Medio	Externa	Hombres	2015	448
08	Cinca Medio	Externa	Mujeres	2015	306
08	Cinca Medio	Interna	Hombres	2015	30
08	Cinca Medio	Interna	Mujeres	2015	44
09	La Litera / La Llitera	Externa	Hombres	2015	341
09	La Litera / La Llitera	Externa	Mujeres	2015	236
09	La Litera / La Llitera	Interna	Hombres	2015	45
09	La Litera / La Llitera	Interna	Mujeres	2015	42
10	Los Monegros	Externa	Hombres	2015	333
10	Los Monegros	Externa	Mujeres	2015	316
10	Los Monegros	Interna	Hombres	2015	39
10	Los Monegros	Interna	Mujeres	2015	19
11	Bajo Cinca / Baix Cinca	Externa	Hombres	2015	541
11	Bajo Cinca / Baix Cinca	Externa	Mujeres	2015	405
11	Bajo Cinca / Baix Cinca	Interna	Hombres	2015	52
11	Bajo Cinca / Baix Cinca	Interna	Mujeres	2015	43
12	Tarazona y el Moncayo	Externa	Hombres	2015	183
12	Tarazona y el Moncayo	Externa	Mujeres	2015	196
12	Tarazona y el Moncayo	Interna	Hombres	2015	41
12	Tarazona y el Moncayo	Interna	Mujeres	2015	43
13	Campo de Borja	Externa	Hombres	2015	208
13	Campo de Borja	Externa	Mujeres	2015	206
13	Campo de Borja	Interna	Hombres	2015	49
13	Campo de Borja	Interna	Mujeres	2015	43
14	Aranda	Externa	Hombres	2015	101
14	Aranda	Externa	Mujeres	2015	90
14	Aranda	Interna	Hombres	2015	17
14	Aranda	Interna	Mujeres	2015	15
15	Ribera Alta del Ebro	Externa	Hombres	2015	517
15	Ribera Alta del Ebro	Externa	Mujeres	2015	495
15	Ribera Alta del Ebro	Interna	Hombres	2015	58
15	Ribera Alta del Ebro	Interna	Mujeres	2015	67
16	Valdejalón	Externa	Hombres	2015	779
16	Valdejalón	Externa	Mujeres	2015	712
16	Valdejalón	Interna	Hombres	2015	87
16	Valdejalón	Interna	Mujeres	2015	110
17	Central	Externa	Hombres	2015	8668
17	Central	Externa	Mujeres	2015	7117
17	Central	Interna	Hombres	2015	2420
17	Central	Interna	Mujeres	2015	2407
18	Ribera Baja del Ebro	Externa	Hombres	2015	172
18	Ribera Baja del Ebro	Externa	Mujeres	2015	177
18	Ribera Baja del Ebro	Interna	Hombres	2015	11
18	Ribera Baja del Ebro	Interna	Mujeres	2015	13
19	Bajo Aragón-Caspe / Baix Aragó-Casp	Externa	Hombres	2015	505
19	Bajo Aragón-Caspe / Baix Aragó-Casp	Externa	Mujeres	2015	304
19	Bajo Aragón-Caspe / Baix Aragó-Casp	Interna	Hombres	2015	38
19	Bajo Aragón-Caspe / Baix Aragó-Casp	Interna	Mujeres	2015	25
20	Comunidad de Calatayud	Externa	Hombres	2015	1143
20	Comunidad de Calatayud	Externa	Mujeres	2015	915
20	Comunidad de Calatayud	Interna	Hombres	2015	191
20	Comunidad de Calatayud	Interna	Mujeres	2015	149
21	Campo de Cariñena	Externa	Hombres	2015	224
21	Campo de Cariñena	Externa	Mujeres	2015	185
21	Campo de Cariñena	Interna	Hombres	2015	33
21	Campo de Cariñena	Interna	Mujeres	2015	24
22	Campo de Belchite	Externa	Hombres	2015	111
22	Campo de Belchite	Externa	Mujeres	2015	119
22	Campo de Belchite	Interna	Hombres	2015	7
22	Campo de Belchite	Interna	Mujeres	2015	5
23	Bajo Martín	Externa	Hombres	2015	116
23	Bajo Martín	Externa	Mujeres	2015	105
23	Bajo Martín	Interna	Hombres	2015	8
23	Bajo Martín	Interna	Mujeres	2015	13
24	Campo de Daroca	Externa	Hombres	2015	148
24	Campo de Daroca	Externa	Mujeres	2015	144
24	Campo de Daroca	Interna	Hombres	2015	16
24	Campo de Daroca	Interna	Mujeres	2015	12
25	Jiloca	Externa	Hombres	2015	256
25	Jiloca	Externa	Mujeres	2015	234
25	Jiloca	Interna	Hombres	2015	56
25	Jiloca	Interna	Mujeres	2015	56
26	Cuencas Mineras	Externa	Hombres	2015	176
26	Cuencas Mineras	Externa	Mujeres	2015	160
26	Cuencas Mineras	Interna	Hombres	2015	18
26	Cuencas Mineras	Interna	Mujeres	2015	17
27	Andorra-Sierra de Arcos	Externa	Hombres	2015	246
27	Andorra-Sierra de Arcos	Externa	Mujeres	2015	223
27	Andorra-Sierra de Arcos	Interna	Hombres	2015	17
27	Andorra-Sierra de Arcos	Interna	Mujeres	2015	12
28	Bajo Aragón	Externa	Hombres	2015	529
28	Bajo Aragón	Externa	Mujeres	2015	512
28	Bajo Aragón	Interna	Hombres	2015	67
28	Bajo Aragón	Interna	Mujeres	2015	66
29	Comunidad de Teruel	Externa	Hombres	2015	638
29	Comunidad de Teruel	Externa	Mujeres	2015	621
29	Comunidad de Teruel	Interna	Hombres	2015	195
29	Comunidad de Teruel	Interna	Mujeres	2015	182
30	Maestrazgo	Externa	Hombres	2015	83
30	Maestrazgo	Externa	Mujeres	2015	70
30	Maestrazgo	Interna	Hombres	2015	1
30	Maestrazgo	Interna	Mujeres	2015	3
31	Sierra de Albarracín	Externa	Hombres	2015	137
31	Sierra de Albarracín	Externa	Mujeres	2015	131
31	Sierra de Albarracín	Interna	Hombres	2015	10
31	Sierra de Albarracín	Interna	Mujeres	2015	5
32	Gúdar-Javalambre	Externa	Hombres	2015	260
32	Gúdar-Javalambre	Externa	Mujeres	2015	223
32	Gúdar-Javalambre	Interna	Hombres	2015	16
32	Gúdar-Javalambre	Interna	Mujeres	2015	26
33	Matarraña / Matarranya	Externa	Hombres	2015	183
33	Matarraña / Matarranya	Externa	Mujeres	2015	142
33	Matarraña / Matarranya	Interna	Hombres	2015	27
33	Matarraña / Matarranya	Interna	Mujeres	2015	21
01	La Jacetania	Externa	Hombres	2014	431
01	La Jacetania	Externa	Mujeres	2014	426
01	La Jacetania	Interna	Hombres	2014	49
01	La Jacetania	Interna	Mujeres	2014	47
02	Alto Gállego	Externa	Hombres	2014	245
02	Alto Gállego	Externa	Mujeres	2014	244
02	Alto Gállego	Interna	Hombres	2014	29
02	Alto Gállego	Interna	Mujeres	2014	51
03	Sobrarbe	Externa	Hombres	2014	136
03	Sobrarbe	Externa	Mujeres	2014	143
03	Sobrarbe	Interna	Hombres	2014	42
03	Sobrarbe	Interna	Mujeres	2014	47
04	La Ribagorza	Externa	Hombres	2014	274
04	La Ribagorza	Externa	Mujeres	2014	233
04	La Ribagorza	Interna	Hombres	2014	66
04	La Ribagorza	Interna	Mujeres	2014	54
05	Cinco Villas	Externa	Hombres	2014	454
05	Cinco Villas	Externa	Mujeres	2014	391
05	Cinco Villas	Interna	Hombres	2014	43
05	Cinco Villas	Interna	Mujeres	2014	45
06	Hoya de Huesca / Plana de Uesca	Externa	Hombres	2014	1212
06	Hoya de Huesca / Plana de Uesca	Externa	Mujeres	2014	1001
06	Hoya de Huesca / Plana de Uesca	Interna	Hombres	2014	298
06	Hoya de Huesca / Plana de Uesca	Interna	Mujeres	2014	292
07	Somontano de Barbastro	Externa	Hombres	2014	289
07	Somontano de Barbastro	Externa	Mujeres	2014	297
07	Somontano de Barbastro	Interna	Hombres	2014	68
07	Somontano de Barbastro	Interna	Mujeres	2014	79
08	Cinca Medio	Externa	Hombres	2014	399
08	Cinca Medio	Externa	Mujeres	2014	363
08	Cinca Medio	Interna	Hombres	2014	48
08	Cinca Medio	Interna	Mujeres	2014	49
09	La Litera / La Llitera	Externa	Hombres	2014	402
09	La Litera / La Llitera	Externa	Mujeres	2014	293
09	La Litera / La Llitera	Interna	Hombres	2014	51
09	La Litera / La Llitera	Interna	Mujeres	2014	41
10	Los Monegros	Externa	Hombres	2014	345
10	Los Monegros	Externa	Mujeres	2014	329
10	Los Monegros	Interna	Hombres	2014	38
10	Los Monegros	Interna	Mujeres	2014	45
11	Bajo Cinca / Baix Cinca	Externa	Hombres	2014	520
11	Bajo Cinca / Baix Cinca	Externa	Mujeres	2014	433
11	Bajo Cinca / Baix Cinca	Interna	Hombres	2014	51
11	Bajo Cinca / Baix Cinca	Interna	Mujeres	2014	45
12	Tarazona y el Moncayo	Externa	Hombres	2014	281
12	Tarazona y el Moncayo	Externa	Mujeres	2014	240
12	Tarazona y el Moncayo	Interna	Hombres	2014	38
12	Tarazona y el Moncayo	Interna	Mujeres	2014	43
13	Campo de Borja	Externa	Hombres	2014	223
13	Campo de Borja	Externa	Mujeres	2014	198
13	Campo de Borja	Interna	Hombres	2014	47
13	Campo de Borja	Interna	Mujeres	2014	39
14	Aranda	Externa	Hombres	2014	89
14	Aranda	Externa	Mujeres	2014	80
14	Aranda	Interna	Hombres	2014	18
14	Aranda	Interna	Mujeres	2014	15
15	Ribera Alta del Ebro	Externa	Hombres	2014	522
15	Ribera Alta del Ebro	Externa	Mujeres	2014	514
15	Ribera Alta del Ebro	Interna	Hombres	2014	75
15	Ribera Alta del Ebro	Interna	Mujeres	2014	66
16	Valdejalón	Externa	Hombres	2014	924
16	Valdejalón	Externa	Mujeres	2014	682
16	Valdejalón	Interna	Hombres	2014	104
16	Valdejalón	Interna	Mujeres	2014	98
17	Central	Externa	Hombres	2014	7992
17	Central	Externa	Mujeres	2014	7024
17	Central	Interna	Hombres	2014	2253
17	Central	Interna	Mujeres	2014	2293
18	Ribera Baja del Ebro	Externa	Hombres	2014	164
18	Ribera Baja del Ebro	Externa	Mujeres	2014	182
18	Ribera Baja del Ebro	Interna	Hombres	2014	9
18	Ribera Baja del Ebro	Interna	Mujeres	2014	10
19	Bajo Aragón-Caspe / Baix Aragó-Casp	Externa	Hombres	2014	355
19	Bajo Aragón-Caspe / Baix Aragó-Casp	Externa	Mujeres	2014	249
19	Bajo Aragón-Caspe / Baix Aragó-Casp	Interna	Hombres	2014	39
19	Bajo Aragón-Caspe / Baix Aragó-Casp	Interna	Mujeres	2014	35
20	Comunidad de Calatayud	Externa	Hombres	2014	888
20	Comunidad de Calatayud	Externa	Mujeres	2014	687
20	Comunidad de Calatayud	Interna	Hombres	2014	247
20	Comunidad de Calatayud	Interna	Mujeres	2014	232
21	Campo de Cariñena	Externa	Hombres	2014	247
21	Campo de Cariñena	Externa	Mujeres	2014	205
21	Campo de Cariñena	Interna	Hombres	2014	16
21	Campo de Cariñena	Interna	Mujeres	2014	22
22	Campo de Belchite	Externa	Hombres	2014	109
22	Campo de Belchite	Externa	Mujeres	2014	97
22	Campo de Belchite	Interna	Hombres	2014	8
22	Campo de Belchite	Interna	Mujeres	2014	9
23	Bajo Martín	Externa	Hombres	2014	105
23	Bajo Martín	Externa	Mujeres	2014	104
23	Bajo Martín	Interna	Hombres	2014	9
23	Bajo Martín	Interna	Mujeres	2014	11
24	Campo de Daroca	Externa	Hombres	2014	155
24	Campo de Daroca	Externa	Mujeres	2014	128
24	Campo de Daroca	Interna	Hombres	2014	28
24	Campo de Daroca	Interna	Mujeres	2014	21
25	Jiloca	Externa	Hombres	2014	276
25	Jiloca	Externa	Mujeres	2014	235
25	Jiloca	Interna	Hombres	2014	55
25	Jiloca	Interna	Mujeres	2014	60
26	Cuencas Mineras	Externa	Hombres	2014	180
26	Cuencas Mineras	Externa	Mujeres	2014	140
26	Cuencas Mineras	Interna	Hombres	2014	39
26	Cuencas Mineras	Interna	Mujeres	2014	22
27	Andorra-Sierra de Arcos	Externa	Hombres	2014	279
27	Andorra-Sierra de Arcos	Externa	Mujeres	2014	219
27	Andorra-Sierra de Arcos	Interna	Hombres	2014	14
27	Andorra-Sierra de Arcos	Interna	Mujeres	2014	13
28	Bajo Aragón	Externa	Hombres	2014	461
28	Bajo Aragón	Externa	Mujeres	2014	456
28	Bajo Aragón	Interna	Hombres	2014	82
28	Bajo Aragón	Interna	Mujeres	2014	69
29	Comunidad de Teruel	Externa	Hombres	2014	704
29	Comunidad de Teruel	Externa	Mujeres	2014	603
29	Comunidad de Teruel	Interna	Hombres	2014	143
29	Comunidad de Teruel	Interna	Mujeres	2014	177
30	Maestrazgo	Externa	Hombres	2014	73
30	Maestrazgo	Externa	Mujeres	2014	73
30	Maestrazgo	Interna	Hombres	2014	10
30	Maestrazgo	Interna	Mujeres	2014	7
31	Sierra de Albarracín	Externa	Hombres	2014	135
31	Sierra de Albarracín	Externa	Mujeres	2014	112
31	Sierra de Albarracín	Interna	Hombres	2014	10
31	Sierra de Albarracín	Interna	Mujeres	2014	7
32	Gúdar-Javalambre	Externa	Hombres	2014	227
32	Gúdar-Javalambre	Externa	Mujeres	2014	226
32	Gúdar-Javalambre	Interna	Hombres	2014	28
32	Gúdar-Javalambre	Interna	Mujeres	2014	24
33	Matarraña / Matarranya	Externa	Hombres	2014	177
33	Matarraña / Matarranya	Externa	Mujeres	2014	156
33	Matarraña / Matarranya	Interna	Hombres	2014	29
33	Matarraña / Matarranya	Interna	Mujeres	2014	38
01	La Jacetania	Externa	Hombres	2013	475
01	La Jacetania	Externa	Mujeres	2013	411
01	La Jacetania	Interna	Hombres	2013	40
01	La Jacetania	Interna	Mujeres	2013	50
02	Alto Gállego	Externa	Hombres	2013	297
02	Alto Gállego	Externa	Mujeres	2013	257
02	Alto Gállego	Interna	Hombres	2013	28
02	Alto Gállego	Interna	Mujeres	2013	37
03	Sobrarbe	Externa	Hombres	2013	130
03	Sobrarbe	Externa	Mujeres	2013	98
03	Sobrarbe	Interna	Hombres	2013	39
03	Sobrarbe	Interna	Mujeres	2013	33
04	La Ribagorza	Externa	Hombres	2013	305
04	La Ribagorza	Externa	Mujeres	2013	283
04	La Ribagorza	Interna	Hombres	2013	69
04	La Ribagorza	Interna	Mujeres	2013	71
05	Cinco Villas	Externa	Hombres	2013	554
05	Cinco Villas	Externa	Mujeres	2013	460
05	Cinco Villas	Interna	Hombres	2013	54
05	Cinco Villas	Interna	Mujeres	2013	46
06	Hoya de Huesca / Plana de Uesca	Externa	Hombres	2013	993
06	Hoya de Huesca / Plana de Uesca	Externa	Mujeres	2013	837
06	Hoya de Huesca / Plana de Uesca	Interna	Hombres	2013	309
06	Hoya de Huesca / Plana de Uesca	Interna	Mujeres	2013	311
07	Somontano de Barbastro	Externa	Hombres	2013	267
07	Somontano de Barbastro	Externa	Mujeres	2013	268
07	Somontano de Barbastro	Interna	Hombres	2013	58
07	Somontano de Barbastro	Interna	Mujeres	2013	75
08	Cinca Medio	Externa	Hombres	2013	435
08	Cinca Medio	Externa	Mujeres	2013	321
08	Cinca Medio	Interna	Hombres	2013	48
08	Cinca Medio	Interna	Mujeres	2013	45
09	La Litera / La Llitera	Externa	Hombres	2013	372
09	La Litera / La Llitera	Externa	Mujeres	2013	260
09	La Litera / La Llitera	Interna	Hombres	2013	64
09	La Litera / La Llitera	Interna	Mujeres	2013	51
10	Los Monegros	Externa	Hombres	2013	368
10	Los Monegros	Externa	Mujeres	2013	319
10	Los Monegros	Interna	Hombres	2013	38
10	Los Monegros	Interna	Mujeres	2013	32
11	Bajo Cinca / Baix Cinca	Externa	Hombres	2013	613
11	Bajo Cinca / Baix Cinca	Externa	Mujeres	2013	412
11	Bajo Cinca / Baix Cinca	Interna	Hombres	2013	57
11	Bajo Cinca / Baix Cinca	Interna	Mujeres	2013	45
12	Tarazona y el Moncayo	Externa	Hombres	2013	241
12	Tarazona y el Moncayo	Externa	Mujeres	2013	254
12	Tarazona y el Moncayo	Interna	Hombres	2013	40
12	Tarazona y el Moncayo	Interna	Mujeres	2013	36
13	Campo de Borja	Externa	Hombres	2013	204
13	Campo de Borja	Externa	Mujeres	2013	182
13	Campo de Borja	Interna	Hombres	2013	42
13	Campo de Borja	Interna	Mujeres	2013	36
14	Aranda	Externa	Hombres	2013	95
14	Aranda	Externa	Mujeres	2013	98
14	Aranda	Interna	Hombres	2013	18
14	Aranda	Interna	Mujeres	2013	13
15	Ribera Alta del Ebro	Externa	Hombres	2013	639
15	Ribera Alta del Ebro	Externa	Mujeres	2013	554
15	Ribera Alta del Ebro	Interna	Hombres	2013	90
15	Ribera Alta del Ebro	Interna	Mujeres	2013	86
16	Valdejalón	Externa	Hombres	2013	783
16	Valdejalón	Externa	Mujeres	2013	653
16	Valdejalón	Interna	Hombres	2013	103
16	Valdejalón	Interna	Mujeres	2013	87
17	Central	Externa	Hombres	2013	8689
17	Central	Externa	Mujeres	2013	7143
17	Central	Interna	Hombres	2013	2576
17	Central	Interna	Mujeres	2013	2557
18	Ribera Baja del Ebro	Externa	Hombres	2013	172
18	Ribera Baja del Ebro	Externa	Mujeres	2013	141
18	Ribera Baja del Ebro	Interna	Hombres	2013	7
18	Ribera Baja del Ebro	Interna	Mujeres	2013	14
19	Bajo Aragón-Caspe / Baix Aragó-Casp	Externa	Hombres	2013	400
19	Bajo Aragón-Caspe / Baix Aragó-Casp	Externa	Mujeres	2013	234
19	Bajo Aragón-Caspe / Baix Aragó-Casp	Interna	Hombres	2013	21
19	Bajo Aragón-Caspe / Baix Aragó-Casp	Interna	Mujeres	2013	13
20	Comunidad de Calatayud	Externa	Hombres	2013	786
20	Comunidad de Calatayud	Externa	Mujeres	2013	664
20	Comunidad de Calatayud	Interna	Hombres	2013	146
20	Comunidad de Calatayud	Interna	Mujeres	2013	168
21	Campo de Cariñena	Externa	Hombres	2013	237
21	Campo de Cariñena	Externa	Mujeres	2013	207
21	Campo de Cariñena	Interna	Hombres	2013	17
21	Campo de Cariñena	Interna	Mujeres	2013	13
22	Campo de Belchite	Externa	Hombres	2013	96
22	Campo de Belchite	Externa	Mujeres	2013	88
22	Campo de Belchite	Interna	Hombres	2013	9
22	Campo de Belchite	Interna	Mujeres	2013	9
23	Bajo Martín	Externa	Hombres	2013	111
23	Bajo Martín	Externa	Mujeres	2013	117
23	Bajo Martín	Interna	Hombres	2013	14
23	Bajo Martín	Interna	Mujeres	2013	14
24	Campo de Daroca	Externa	Hombres	2013	120
24	Campo de Daroca	Externa	Mujeres	2013	120
24	Campo de Daroca	Interna	Hombres	2013	11
24	Campo de Daroca	Interna	Mujeres	2013	11
25	Jiloca	Externa	Hombres	2013	246
25	Jiloca	Externa	Mujeres	2013	233
25	Jiloca	Interna	Hombres	2013	56
25	Jiloca	Interna	Mujeres	2013	51
26	Cuencas Mineras	Externa	Hombres	2013	183
26	Cuencas Mineras	Externa	Mujeres	2013	156
26	Cuencas Mineras	Interna	Hombres	2013	47
26	Cuencas Mineras	Interna	Mujeres	2013	30
27	Andorra-Sierra de Arcos	Externa	Hombres	2013	236
27	Andorra-Sierra de Arcos	Externa	Mujeres	2013	207
27	Andorra-Sierra de Arcos	Interna	Hombres	2013	20
27	Andorra-Sierra de Arcos	Interna	Mujeres	2013	16
28	Bajo Aragón	Externa	Hombres	2013	529
28	Bajo Aragón	Externa	Mujeres	2013	411
28	Bajo Aragón	Interna	Hombres	2013	83
28	Bajo Aragón	Interna	Mujeres	2013	65
29	Comunidad de Teruel	Externa	Hombres	2013	788
29	Comunidad de Teruel	Externa	Mujeres	2013	710
29	Comunidad de Teruel	Interna	Hombres	2013	178
29	Comunidad de Teruel	Interna	Mujeres	2013	202
30	Maestrazgo	Externa	Hombres	2013	75
30	Maestrazgo	Externa	Mujeres	2013	76
30	Maestrazgo	Interna	Hombres	2013	5
30	Maestrazgo	Interna	Mujeres	2013	4
31	Sierra de Albarracín	Externa	Hombres	2013	143
31	Sierra de Albarracín	Externa	Mujeres	2013	110
31	Sierra de Albarracín	Interna	Hombres	2013	8
31	Sierra de Albarracín	Interna	Mujeres	2013	10
32	Gúdar-Javalambre	Externa	Hombres	2013	235
32	Gúdar-Javalambre	Externa	Mujeres	2013	217
32	Gúdar-Javalambre	Interna	Hombres	2013	19
32	Gúdar-Javalambre	Interna	Mujeres	2013	18
33	Matarraña / Matarranya	Externa	Hombres	2013	168
33	Matarraña / Matarranya	Externa	Mujeres	2013	159
33	Matarraña / Matarranya	Interna	Hombres	2013	23
33	Matarraña / Matarranya	Interna	Mujeres	2013	20
01	La Jacetania	Externa	Hombres	2012	433
01	La Jacetania	Externa	Mujeres	2012	367
01	La Jacetania	Interna	Hombres	2012	40
01	La Jacetania	Interna	Mujeres	2012	47
02	Alto Gállego	Externa	Hombres	2012	274
02	Alto Gállego	Externa	Mujeres	2012	266
02	Alto Gállego	Interna	Hombres	2012	39
02	Alto Gállego	Interna	Mujeres	2012	37
03	Sobrarbe	Externa	Hombres	2012	100
03	Sobrarbe	Externa	Mujeres	2012	143
03	Sobrarbe	Interna	Hombres	2012	34
03	Sobrarbe	Interna	Mujeres	2012	39
04	La Ribagorza	Externa	Hombres	2012	308
04	La Ribagorza	Externa	Mujeres	2012	284
04	La Ribagorza	Interna	Hombres	2012	78
04	La Ribagorza	Interna	Mujeres	2012	50
05	Cinco Villas	Externa	Hombres	2012	588
05	Cinco Villas	Externa	Mujeres	2012	475
05	Cinco Villas	Interna	Hombres	2012	38
05	Cinco Villas	Interna	Mujeres	2012	62
06	Hoya de Huesca / Plana de Uesca	Externa	Hombres	2012	977
06	Hoya de Huesca / Plana de Uesca	Externa	Mujeres	2012	851
06	Hoya de Huesca / Plana de Uesca	Interna	Hombres	2012	278
06	Hoya de Huesca / Plana de Uesca	Interna	Mujeres	2012	260
07	Somontano de Barbastro	Externa	Hombres	2012	283
07	Somontano de Barbastro	Externa	Mujeres	2012	287
07	Somontano de Barbastro	Interna	Hombres	2012	77
07	Somontano de Barbastro	Interna	Mujeres	2012	83
08	Cinca Medio	Externa	Hombres	2012	388
08	Cinca Medio	Externa	Mujeres	2012	325
08	Cinca Medio	Interna	Hombres	2012	44
08	Cinca Medio	Interna	Mujeres	2012	43
09	La Litera / La Llitera	Externa	Hombres	2012	407
09	La Litera / La Llitera	Externa	Mujeres	2012	270
09	La Litera / La Llitera	Interna	Hombres	2012	67
09	La Litera / La Llitera	Interna	Mujeres	2012	60
10	Los Monegros	Externa	Hombres	2012	398
10	Los Monegros	Externa	Mujeres	2012	382
10	Los Monegros	Interna	Hombres	2012	45
10	Los Monegros	Interna	Mujeres	2012	41
11	Bajo Cinca / Baix Cinca	Externa	Hombres	2012	432
11	Bajo Cinca / Baix Cinca	Externa	Mujeres	2012	363
11	Bajo Cinca / Baix Cinca	Interna	Hombres	2012	59
11	Bajo Cinca / Baix Cinca	Interna	Mujeres	2012	45
12	Tarazona y el Moncayo	Externa	Hombres	2012	182
12	Tarazona y el Moncayo	Externa	Mujeres	2012	184
12	Tarazona y el Moncayo	Interna	Hombres	2012	52
12	Tarazona y el Moncayo	Interna	Mujeres	2012	49
13	Campo de Borja	Externa	Hombres	2012	336
13	Campo de Borja	Externa	Mujeres	2012	252
13	Campo de Borja	Interna	Hombres	2012	55
13	Campo de Borja	Interna	Mujeres	2012	36
14	Aranda	Externa	Hombres	2012	117
14	Aranda	Externa	Mujeres	2012	108
14	Aranda	Interna	Hombres	2012	17
14	Aranda	Interna	Mujeres	2012	14
15	Ribera Alta del Ebro	Externa	Hombres	2012	698
15	Ribera Alta del Ebro	Externa	Mujeres	2012	586
15	Ribera Alta del Ebro	Interna	Hombres	2012	88
15	Ribera Alta del Ebro	Interna	Mujeres	2012	59
16	Valdejalón	Externa	Hombres	2012	853
16	Valdejalón	Externa	Mujeres	2012	693
16	Valdejalón	Interna	Hombres	2012	73
16	Valdejalón	Interna	Mujeres	2012	73
17	Central	Externa	Hombres	2012	8394
17	Central	Externa	Mujeres	2012	7036
17	Central	Interna	Hombres	2012	2352
17	Central	Interna	Mujeres	2012	2367
18	Ribera Baja del Ebro	Externa	Hombres	2012	163
18	Ribera Baja del Ebro	Externa	Mujeres	2012	159
18	Ribera Baja del Ebro	Interna	Hombres	2012	12
18	Ribera Baja del Ebro	Interna	Mujeres	2012	14
19	Bajo Aragón-Caspe / Baix Aragó-Casp	Externa	Hombres	2012	446
19	Bajo Aragón-Caspe / Baix Aragó-Casp	Externa	Mujeres	2012	263
19	Bajo Aragón-Caspe / Baix Aragó-Casp	Interna	Hombres	2012	38
19	Bajo Aragón-Caspe / Baix Aragó-Casp	Interna	Mujeres	2012	22
20	Comunidad de Calatayud	Externa	Hombres	2012	784
20	Comunidad de Calatayud	Externa	Mujeres	2012	671
20	Comunidad de Calatayud	Interna	Hombres	2012	154
20	Comunidad de Calatayud	Interna	Mujeres	2012	145
21	Campo de Cariñena	Externa	Hombres	2012	208
21	Campo de Cariñena	Externa	Mujeres	2012	186
21	Campo de Cariñena	Interna	Hombres	2012	20
21	Campo de Cariñena	Interna	Mujeres	2012	19
22	Campo de Belchite	Externa	Hombres	2012	107
22	Campo de Belchite	Externa	Mujeres	2012	85
22	Campo de Belchite	Interna	Hombres	2012	8
22	Campo de Belchite	Interna	Mujeres	2012	2
23	Bajo Martín	Externa	Hombres	2012	133
23	Bajo Martín	Externa	Mujeres	2012	124
23	Bajo Martín	Interna	Hombres	2012	20
23	Bajo Martín	Interna	Mujeres	2012	13
24	Campo de Daroca	Externa	Hombres	2012	123
24	Campo de Daroca	Externa	Mujeres	2012	119
24	Campo de Daroca	Interna	Hombres	2012	4
24	Campo de Daroca	Interna	Mujeres	2012	6
25	Jiloca	Externa	Hombres	2012	255
25	Jiloca	Externa	Mujeres	2012	227
25	Jiloca	Interna	Hombres	2012	69
25	Jiloca	Interna	Mujeres	2012	58
26	Cuencas Mineras	Externa	Hombres	2012	158
26	Cuencas Mineras	Externa	Mujeres	2012	123
26	Cuencas Mineras	Interna	Hombres	2012	37
26	Cuencas Mineras	Interna	Mujeres	2012	23
27	Andorra-Sierra de Arcos	Externa	Hombres	2012	167
27	Andorra-Sierra de Arcos	Externa	Mujeres	2012	127
27	Andorra-Sierra de Arcos	Interna	Hombres	2012	13
27	Andorra-Sierra de Arcos	Interna	Mujeres	2012	16
28	Bajo Aragón	Externa	Hombres	2012	438
28	Bajo Aragón	Externa	Mujeres	2012	395
28	Bajo Aragón	Interna	Hombres	2012	86
28	Bajo Aragón	Interna	Mujeres	2012	63
29	Comunidad de Teruel	Externa	Hombres	2012	918
29	Comunidad de Teruel	Externa	Mujeres	2012	766
29	Comunidad de Teruel	Interna	Hombres	2012	152
29	Comunidad de Teruel	Interna	Mujeres	2012	153
30	Maestrazgo	Externa	Hombres	2012	109
30	Maestrazgo	Externa	Mujeres	2012	91
30	Maestrazgo	Interna	Hombres	2012	3
30	Maestrazgo	Interna	Mujeres	2012	7
31	Sierra de Albarracín	Externa	Hombres	2012	147
31	Sierra de Albarracín	Externa	Mujeres	2012	130
31	Sierra de Albarracín	Interna	Hombres	2012	16
31	Sierra de Albarracín	Interna	Mujeres	2012	8
32	Gúdar-Javalambre	Externa	Hombres	2012	265
32	Gúdar-Javalambre	Externa	Mujeres	2012	247
32	Gúdar-Javalambre	Interna	Hombres	2012	41
32	Gúdar-Javalambre	Interna	Mujeres	2012	31
33	Matarraña / Matarranya	Externa	Hombres	2012	190
33	Matarraña / Matarranya	Externa	Mujeres	2012	143
33	Matarraña / Matarranya	Interna	Hombres	2012	26
33	Matarraña / Matarranya	Interna	Mujeres	2012	25
01	La Jacetania	Externa	Hombres	2011	434
01	La Jacetania	Externa	Mujeres	2011	406
01	La Jacetania	Interna	Hombres	2011	52
01	La Jacetania	Interna	Mujeres	2011	57
02	Alto Gállego	Externa	Hombres	2011	325
02	Alto Gállego	Externa	Mujeres	2011	314
02	Alto Gállego	Interna	Hombres	2011	40
02	Alto Gállego	Interna	Mujeres	2011	47
03	Sobrarbe	Externa	Hombres	2011	144
03	Sobrarbe	Externa	Mujeres	2011	130
03	Sobrarbe	Interna	Hombres	2011	36
03	Sobrarbe	Interna	Mujeres	2011	49
04	La Ribagorza	Externa	Hombres	2011	346
04	La Ribagorza	Externa	Mujeres	2011	324
04	La Ribagorza	Interna	Hombres	2011	67
04	La Ribagorza	Interna	Mujeres	2011	72
05	Cinco Villas	Externa	Hombres	2011	584
05	Cinco Villas	Externa	Mujeres	2011	514
05	Cinco Villas	Interna	Hombres	2011	49
05	Cinco Villas	Interna	Mujeres	2011	64
06	Hoya de Huesca / Plana de Uesca	Externa	Hombres	2011	1300
06	Hoya de Huesca / Plana de Uesca	Externa	Mujeres	2011	1031
06	Hoya de Huesca / Plana de Uesca	Interna	Hombres	2011	316
06	Hoya de Huesca / Plana de Uesca	Interna	Mujeres	2011	325
07	Somontano de Barbastro	Externa	Hombres	2011	334
07	Somontano de Barbastro	Externa	Mujeres	2011	302
07	Somontano de Barbastro	Interna	Hombres	2011	85
07	Somontano de Barbastro	Interna	Mujeres	2011	99
08	Cinca Medio	Externa	Hombres	2011	458
08	Cinca Medio	Externa	Mujeres	2011	382
08	Cinca Medio	Interna	Hombres	2011	55
08	Cinca Medio	Interna	Mujeres	2011	52
09	La Litera / La Llitera	Externa	Hombres	2011	422
09	La Litera / La Llitera	Externa	Mujeres	2011	286
09	La Litera / La Llitera	Interna	Hombres	2011	41
09	La Litera / La Llitera	Interna	Mujeres	2011	48
10	Los Monegros	Externa	Hombres	2011	372
10	Los Monegros	Externa	Mujeres	2011	385
10	Los Monegros	Interna	Hombres	2011	49
10	Los Monegros	Interna	Mujeres	2011	47
11	Bajo Cinca / Baix Cinca	Externa	Hombres	2011	401
11	Bajo Cinca / Baix Cinca	Externa	Mujeres	2011	343
11	Bajo Cinca / Baix Cinca	Interna	Hombres	2011	65
11	Bajo Cinca / Baix Cinca	Interna	Mujeres	2011	78
12	Tarazona y el Moncayo	Externa	Hombres	2011	324
12	Tarazona y el Moncayo	Externa	Mujeres	2011	272
12	Tarazona y el Moncayo	Interna	Hombres	2011	43
12	Tarazona y el Moncayo	Interna	Mujeres	2011	53
13	Campo de Borja	Externa	Hombres	2011	239
13	Campo de Borja	Externa	Mujeres	2011	221
13	Campo de Borja	Interna	Hombres	2011	50
13	Campo de Borja	Interna	Mujeres	2011	44
14	Aranda	Externa	Hombres	2011	86
14	Aranda	Externa	Mujeres	2011	103
14	Aranda	Interna	Hombres	2011	14
14	Aranda	Interna	Mujeres	2011	17
15	Ribera Alta del Ebro	Externa	Hombres	2011	557
15	Ribera Alta del Ebro	Externa	Mujeres	2011	535
15	Ribera Alta del Ebro	Interna	Hombres	2011	85
15	Ribera Alta del Ebro	Interna	Mujeres	2011	75
16	Valdejalón	Externa	Hombres	2011	782
16	Valdejalón	Externa	Mujeres	2011	703
16	Valdejalón	Interna	Hombres	2011	96
16	Valdejalón	Interna	Mujeres	2011	84
17	Central	Externa	Hombres	2011	8261
17	Central	Externa	Mujeres	2011	6909
17	Central	Interna	Hombres	2011	2522
17	Central	Interna	Mujeres	2011	2414
18	Ribera Baja del Ebro	Externa	Hombres	2011	189
18	Ribera Baja del Ebro	Externa	Mujeres	2011	171
18	Ribera Baja del Ebro	Interna	Hombres	2011	12
18	Ribera Baja del Ebro	Interna	Mujeres	2011	9
19	Bajo Aragón-Caspe / Baix Aragó-Casp	Externa	Hombres	2011	399
19	Bajo Aragón-Caspe / Baix Aragó-Casp	Externa	Mujeres	2011	261
19	Bajo Aragón-Caspe / Baix Aragó-Casp	Interna	Hombres	2011	20
19	Bajo Aragón-Caspe / Baix Aragó-Casp	Interna	Mujeres	2011	22
20	Comunidad de Calatayud	Externa	Hombres	2011	770
20	Comunidad de Calatayud	Externa	Mujeres	2011	717
20	Comunidad de Calatayud	Interna	Hombres	2011	180
20	Comunidad de Calatayud	Interna	Mujeres	2011	210
21	Campo de Cariñena	Externa	Hombres	2011	335
21	Campo de Cariñena	Externa	Mujeres	2011	323
21	Campo de Cariñena	Interna	Hombres	2011	15
21	Campo de Cariñena	Interna	Mujeres	2011	19
22	Campo de Belchite	Externa	Hombres	2011	98
22	Campo de Belchite	Externa	Mujeres	2011	113
22	Campo de Belchite	Interna	Hombres	2011	10
22	Campo de Belchite	Interna	Mujeres	2011	6
23	Bajo Martín	Externa	Hombres	2011	157
23	Bajo Martín	Externa	Mujeres	2011	130
23	Bajo Martín	Interna	Hombres	2011	34
23	Bajo Martín	Interna	Mujeres	2011	27
24	Campo de Daroca	Externa	Hombres	2011	152
24	Campo de Daroca	Externa	Mujeres	2011	141
24	Campo de Daroca	Interna	Hombres	2011	6
24	Campo de Daroca	Interna	Mujeres	2011	9
25	Jiloca	Externa	Hombres	2011	316
25	Jiloca	Externa	Mujeres	2011	288
25	Jiloca	Interna	Hombres	2011	67
25	Jiloca	Interna	Mujeres	2011	69
26	Cuencas Mineras	Externa	Hombres	2011	168
26	Cuencas Mineras	Externa	Mujeres	2011	154
26	Cuencas Mineras	Interna	Hombres	2011	36
26	Cuencas Mineras	Interna	Mujeres	2011	26
27	Andorra-Sierra de Arcos	Externa	Hombres	2011	208
27	Andorra-Sierra de Arcos	Externa	Mujeres	2011	180
27	Andorra-Sierra de Arcos	Interna	Hombres	2011	14
27	Andorra-Sierra de Arcos	Interna	Mujeres	2011	9
28	Bajo Aragón	Externa	Hombres	2011	526
28	Bajo Aragón	Externa	Mujeres	2011	512
28	Bajo Aragón	Interna	Hombres	2011	84
28	Bajo Aragón	Interna	Mujeres	2011	97
29	Comunidad de Teruel	Externa	Hombres	2011	690
29	Comunidad de Teruel	Externa	Mujeres	2011	625
29	Comunidad de Teruel	Interna	Hombres	2011	187
29	Comunidad de Teruel	Interna	Mujeres	2011	189
30	Maestrazgo	Externa	Hombres	2011	94
30	Maestrazgo	Externa	Mujeres	2011	78
30	Maestrazgo	Interna	Hombres	2011	1
30	Maestrazgo	Interna	Mujeres	2011	3
31	Sierra de Albarracín	Externa	Hombres	2011	149
31	Sierra de Albarracín	Externa	Mujeres	2011	121
31	Sierra de Albarracín	Interna	Hombres	2011	12
31	Sierra de Albarracín	Interna	Mujeres	2011	6
32	Gúdar-Javalambre	Externa	Hombres	2011	284
32	Gúdar-Javalambre	Externa	Mujeres	2011	250
32	Gúdar-Javalambre	Interna	Hombres	2011	31
32	Gúdar-Javalambre	Interna	Mujeres	2011	25
33	Matarraña / Matarranya	Externa	Hombres	2011	211
33	Matarraña / Matarranya	Externa	Mujeres	2011	135
33	Matarraña / Matarranya	Interna	Hombres	2011	39
33	Matarraña / Matarranya	Interna	Mujeres	2011	33
01	La Jacetania	Externa	Hombres	2010	393
01	La Jacetania	Externa	Mujeres	2010	377
01	La Jacetania	Interna	Hombres	2010	66
01	La Jacetania	Interna	Mujeres	2010	87
02	Alto Gállego	Externa	Hombres	2010	330
02	Alto Gállego	Externa	Mujeres	2010	318
02	Alto Gállego	Interna	Hombres	2010	32
02	Alto Gállego	Interna	Mujeres	2010	28
03	Sobrarbe	Externa	Hombres	2010	116
03	Sobrarbe	Externa	Mujeres	2010	126
03	Sobrarbe	Interna	Hombres	2010	41
03	Sobrarbe	Interna	Mujeres	2010	43
04	La Ribagorza	Externa	Hombres	2010	284
04	La Ribagorza	Externa	Mujeres	2010	281
04	La Ribagorza	Interna	Hombres	2010	58
04	La Ribagorza	Interna	Mujeres	2010	65
05	Cinco Villas	Externa	Hombres	2010	476
05	Cinco Villas	Externa	Mujeres	2010	480
05	Cinco Villas	Interna	Hombres	2010	60
05	Cinco Villas	Interna	Mujeres	2010	62
06	Hoya de Huesca / Plana de Uesca	Externa	Hombres	2010	1109
06	Hoya de Huesca / Plana de Uesca	Externa	Mujeres	2010	949
06	Hoya de Huesca / Plana de Uesca	Interna	Hombres	2010	316
06	Hoya de Huesca / Plana de Uesca	Interna	Mujeres	2010	349
07	Somontano de Barbastro	Externa	Hombres	2010	476
07	Somontano de Barbastro	Externa	Mujeres	2010	424
07	Somontano de Barbastro	Interna	Hombres	2010	78
07	Somontano de Barbastro	Interna	Mujeres	2010	102
08	Cinca Medio	Externa	Hombres	2010	430
08	Cinca Medio	Externa	Mujeres	2010	318
08	Cinca Medio	Interna	Hombres	2010	66
08	Cinca Medio	Interna	Mujeres	2010	48
09	La Litera / La Llitera	Externa	Hombres	2010	366
09	La Litera / La Llitera	Externa	Mujeres	2010	284
09	La Litera / La Llitera	Interna	Hombres	2010	41
09	La Litera / La Llitera	Interna	Mujeres	2010	45
10	Los Monegros	Externa	Hombres	2010	388
10	Los Monegros	Externa	Mujeres	2010	397
10	Los Monegros	Interna	Hombres	2010	45
10	Los Monegros	Interna	Mujeres	2010	54
11	Bajo Cinca / Baix Cinca	Externa	Hombres	2010	620
11	Bajo Cinca / Baix Cinca	Externa	Mujeres	2010	497
11	Bajo Cinca / Baix Cinca	Interna	Hombres	2010	68
11	Bajo Cinca / Baix Cinca	Interna	Mujeres	2010	41
12	Tarazona y el Moncayo	Externa	Hombres	2010	223
12	Tarazona y el Moncayo	Externa	Mujeres	2010	180
12	Tarazona y el Moncayo	Interna	Hombres	2010	42
12	Tarazona y el Moncayo	Interna	Mujeres	2010	48
13	Campo de Borja	Externa	Hombres	2010	268
13	Campo de Borja	Externa	Mujeres	2010	232
13	Campo de Borja	Interna	Hombres	2010	41
13	Campo de Borja	Interna	Mujeres	2010	44
14	Aranda	Externa	Hombres	2010	141
14	Aranda	Externa	Mujeres	2010	102
14	Aranda	Interna	Hombres	2010	10
14	Aranda	Interna	Mujeres	2010	11
15	Ribera Alta del Ebro	Externa	Hombres	2010	570
15	Ribera Alta del Ebro	Externa	Mujeres	2010	552
15	Ribera Alta del Ebro	Interna	Hombres	2010	93
15	Ribera Alta del Ebro	Interna	Mujeres	2010	72
16	Valdejalón	Externa	Hombres	2010	1120
16	Valdejalón	Externa	Mujeres	2010	790
16	Valdejalón	Interna	Hombres	2010	90
16	Valdejalón	Interna	Mujeres	2010	96
17	Central	Externa	Hombres	2010	9207
17	Central	Externa	Mujeres	2010	7544
17	Central	Interna	Hombres	2010	2559
17	Central	Interna	Mujeres	2010	2569
18	Ribera Baja del Ebro	Externa	Hombres	2010	142
18	Ribera Baja del Ebro	Externa	Mujeres	2010	144
18	Ribera Baja del Ebro	Interna	Hombres	2010	16
18	Ribera Baja del Ebro	Interna	Mujeres	2010	11
19	Bajo Aragón-Caspe / Baix Aragó-Casp	Externa	Hombres	2010	534
19	Bajo Aragón-Caspe / Baix Aragó-Casp	Externa	Mujeres	2010	213
19	Bajo Aragón-Caspe / Baix Aragó-Casp	Interna	Hombres	2010	34
19	Bajo Aragón-Caspe / Baix Aragó-Casp	Interna	Mujeres	2010	28
20	Comunidad de Calatayud	Externa	Hombres	2010	574
20	Comunidad de Calatayud	Externa	Mujeres	2010	551
20	Comunidad de Calatayud	Interna	Hombres	2010	201
20	Comunidad de Calatayud	Interna	Mujeres	2010	200
21	Campo de Cariñena	Externa	Hombres	2010	187
21	Campo de Cariñena	Externa	Mujeres	2010	178
21	Campo de Cariñena	Interna	Hombres	2010	22
21	Campo de Cariñena	Interna	Mujeres	2010	18
22	Campo de Belchite	Externa	Hombres	2010	91
22	Campo de Belchite	Externa	Mujeres	2010	83
22	Campo de Belchite	Interna	Hombres	2010	16
22	Campo de Belchite	Interna	Mujeres	2010	13
23	Bajo Martín	Externa	Hombres	2010	135
23	Bajo Martín	Externa	Mujeres	2010	115
23	Bajo Martín	Interna	Hombres	2010	25
23	Bajo Martín	Interna	Mujeres	2010	22
24	Campo de Daroca	Externa	Hombres	2010	113
24	Campo de Daroca	Externa	Mujeres	2010	116
24	Campo de Daroca	Interna	Hombres	2010	9
24	Campo de Daroca	Interna	Mujeres	2010	14
25	Jiloca	Externa	Hombres	2010	329
25	Jiloca	Externa	Mujeres	2010	277
25	Jiloca	Interna	Hombres	2010	79
25	Jiloca	Interna	Mujeres	2010	59
26	Cuencas Mineras	Externa	Hombres	2010	223
26	Cuencas Mineras	Externa	Mujeres	2010	166
26	Cuencas Mineras	Interna	Hombres	2010	39
26	Cuencas Mineras	Interna	Mujeres	2010	35
27	Andorra-Sierra de Arcos	Externa	Hombres	2010	222
27	Andorra-Sierra de Arcos	Externa	Mujeres	2010	180
27	Andorra-Sierra de Arcos	Interna	Hombres	2010	16
27	Andorra-Sierra de Arcos	Interna	Mujeres	2010	10
28	Bajo Aragón	Externa	Hombres	2010	541
28	Bajo Aragón	Externa	Mujeres	2010	447
28	Bajo Aragón	Interna	Hombres	2010	99
28	Bajo Aragón	Interna	Mujeres	2010	81
29	Comunidad de Teruel	Externa	Hombres	2010	749
29	Comunidad de Teruel	Externa	Mujeres	2010	662
29	Comunidad de Teruel	Interna	Hombres	2010	209
29	Comunidad de Teruel	Interna	Mujeres	2010	190
30	Maestrazgo	Externa	Hombres	2010	118
30	Maestrazgo	Externa	Mujeres	2010	98
30	Maestrazgo	Interna	Hombres	2010	7
30	Maestrazgo	Interna	Mujeres	2010	5
31	Sierra de Albarracín	Externa	Hombres	2010	127
31	Sierra de Albarracín	Externa	Mujeres	2010	111
31	Sierra de Albarracín	Interna	Hombres	2010	16
31	Sierra de Albarracín	Interna	Mujeres	2010	13
32	Gúdar-Javalambre	Externa	Hombres	2010	327
32	Gúdar-Javalambre	Externa	Mujeres	2010	259
32	Gúdar-Javalambre	Interna	Hombres	2010	42
32	Gúdar-Javalambre	Interna	Mujeres	2010	41
33	Matarraña / Matarranya	Externa	Hombres	2010	167
33	Matarraña / Matarranya	Externa	Mujeres	2010	140
33	Matarraña / Matarranya	Interna	Hombres	2010	27
33	Matarraña / Matarranya	Interna	Mujeres	2010	14
01	La Jacetania	Externa	Hombres	2009	430
01	La Jacetania	Externa	Mujeres	2009	364
01	La Jacetania	Interna	Hombres	2009	32
01	La Jacetania	Interna	Mujeres	2009	48
02	Alto Gállego	Externa	Hombres	2009	278
02	Alto Gállego	Externa	Mujeres	2009	277
02	Alto Gállego	Interna	Hombres	2009	37
02	Alto Gállego	Interna	Mujeres	2009	39
03	Sobrarbe	Externa	Hombres	2009	152
03	Sobrarbe	Externa	Mujeres	2009	133
03	Sobrarbe	Interna	Hombres	2009	43
03	Sobrarbe	Interna	Mujeres	2009	49
04	La Ribagorza	Externa	Hombres	2009	327
04	La Ribagorza	Externa	Mujeres	2009	300
04	La Ribagorza	Interna	Hombres	2009	96
04	La Ribagorza	Interna	Mujeres	2009	82
05	Cinco Villas	Externa	Hombres	2009	465
05	Cinco Villas	Externa	Mujeres	2009	442
05	Cinco Villas	Interna	Hombres	2009	53
05	Cinco Villas	Interna	Mujeres	2009	60
06	Hoya de Huesca / Plana de Uesca	Externa	Hombres	2009	1008
06	Hoya de Huesca / Plana de Uesca	Externa	Mujeres	2009	799
06	Hoya de Huesca / Plana de Uesca	Interna	Hombres	2009	305
06	Hoya de Huesca / Plana de Uesca	Interna	Mujeres	2009	281
07	Somontano de Barbastro	Externa	Hombres	2009	356
07	Somontano de Barbastro	Externa	Mujeres	2009	288
07	Somontano de Barbastro	Interna	Hombres	2009	80
07	Somontano de Barbastro	Interna	Mujeres	2009	73
08	Cinca Medio	Externa	Hombres	2009	376
08	Cinca Medio	Externa	Mujeres	2009	354
08	Cinca Medio	Interna	Hombres	2009	61
08	Cinca Medio	Interna	Mujeres	2009	55
09	La Litera / La Llitera	Externa	Hombres	2009	433
09	La Litera / La Llitera	Externa	Mujeres	2009	296
09	La Litera / La Llitera	Interna	Hombres	2009	49
09	La Litera / La Llitera	Interna	Mujeres	2009	34
10	Los Monegros	Externa	Hombres	2009	393
10	Los Monegros	Externa	Mujeres	2009	380
10	Los Monegros	Interna	Hombres	2009	43
10	Los Monegros	Interna	Mujeres	2009	44
11	Bajo Cinca / Baix Cinca	Externa	Hombres	2009	487
11	Bajo Cinca / Baix Cinca	Externa	Mujeres	2009	394
11	Bajo Cinca / Baix Cinca	Interna	Hombres	2009	43
11	Bajo Cinca / Baix Cinca	Interna	Mujeres	2009	50
12	Tarazona y el Moncayo	Externa	Hombres	2009	228
12	Tarazona y el Moncayo	Externa	Mujeres	2009	234
12	Tarazona y el Moncayo	Interna	Hombres	2009	43
12	Tarazona y el Moncayo	Interna	Mujeres	2009	46
13	Campo de Borja	Externa	Hombres	2009	294
13	Campo de Borja	Externa	Mujeres	2009	222
13	Campo de Borja	Interna	Hombres	2009	39
13	Campo de Borja	Interna	Mujeres	2009	40
14	Aranda	Externa	Hombres	2009	123
14	Aranda	Externa	Mujeres	2009	117
14	Aranda	Interna	Hombres	2009	21
14	Aranda	Interna	Mujeres	2009	16
15	Ribera Alta del Ebro	Externa	Hombres	2009	546
15	Ribera Alta del Ebro	Externa	Mujeres	2009	547
15	Ribera Alta del Ebro	Interna	Hombres	2009	95
15	Ribera Alta del Ebro	Interna	Mujeres	2009	90
16	Valdejalón	Externa	Hombres	2009	704
16	Valdejalón	Externa	Mujeres	2009	576
16	Valdejalón	Interna	Hombres	2009	90
16	Valdejalón	Interna	Mujeres	2009	110
17	Central	Externa	Hombres	2009	8363
17	Central	Externa	Mujeres	2009	7128
17	Central	Interna	Hombres	2009	2613
17	Central	Interna	Mujeres	2009	2535
18	Ribera Baja del Ebro	Externa	Hombres	2009	181
18	Ribera Baja del Ebro	Externa	Mujeres	2009	139
18	Ribera Baja del Ebro	Interna	Hombres	2009	12
18	Ribera Baja del Ebro	Interna	Mujeres	2009	7
19	Bajo Aragón-Caspe / Baix Aragó-Casp	Externa	Hombres	2009	345
19	Bajo Aragón-Caspe / Baix Aragó-Casp	Externa	Mujeres	2009	200
19	Bajo Aragón-Caspe / Baix Aragó-Casp	Interna	Hombres	2009	21
19	Bajo Aragón-Caspe / Baix Aragó-Casp	Interna	Mujeres	2009	15
20	Comunidad de Calatayud	Externa	Hombres	2009	594
20	Comunidad de Calatayud	Externa	Mujeres	2009	549
20	Comunidad de Calatayud	Interna	Hombres	2009	163
20	Comunidad de Calatayud	Interna	Mujeres	2009	176
21	Campo de Cariñena	Externa	Hombres	2009	202
21	Campo de Cariñena	Externa	Mujeres	2009	188
21	Campo de Cariñena	Interna	Hombres	2009	19
21	Campo de Cariñena	Interna	Mujeres	2009	12
22	Campo de Belchite	Externa	Hombres	2009	91
22	Campo de Belchite	Externa	Mujeres	2009	93
22	Campo de Belchite	Interna	Hombres	2009	2
22	Campo de Belchite	Interna	Mujeres	2009	5
23	Bajo Martín	Externa	Hombres	2009	149
23	Bajo Martín	Externa	Mujeres	2009	108
23	Bajo Martín	Interna	Hombres	2009	13
23	Bajo Martín	Interna	Mujeres	2009	11
24	Campo de Daroca	Externa	Hombres	2009	128
24	Campo de Daroca	Externa	Mujeres	2009	114
24	Campo de Daroca	Interna	Hombres	2009	13
24	Campo de Daroca	Interna	Mujeres	2009	7
25	Jiloca	Externa	Hombres	2009	454
25	Jiloca	Externa	Mujeres	2009	295
25	Jiloca	Interna	Hombres	2009	83
25	Jiloca	Interna	Mujeres	2009	79
26	Cuencas Mineras	Externa	Hombres	2009	257
26	Cuencas Mineras	Externa	Mujeres	2009	178
26	Cuencas Mineras	Interna	Hombres	2009	48
26	Cuencas Mineras	Interna	Mujeres	2009	29
27	Andorra-Sierra de Arcos	Externa	Hombres	2009	214
27	Andorra-Sierra de Arcos	Externa	Mujeres	2009	156
27	Andorra-Sierra de Arcos	Interna	Hombres	2009	13
27	Andorra-Sierra de Arcos	Interna	Mujeres	2009	6
28	Bajo Aragón	Externa	Hombres	2009	621
28	Bajo Aragón	Externa	Mujeres	2009	447
28	Bajo Aragón	Interna	Hombres	2009	83
28	Bajo Aragón	Interna	Mujeres	2009	79
29	Comunidad de Teruel	Externa	Hombres	2009	921
29	Comunidad de Teruel	Externa	Mujeres	2009	668
29	Comunidad de Teruel	Interna	Hombres	2009	198
29	Comunidad de Teruel	Interna	Mujeres	2009	175
30	Maestrazgo	Externa	Hombres	2009	133
30	Maestrazgo	Externa	Mujeres	2009	92
30	Maestrazgo	Interna	Hombres	2009	7
30	Maestrazgo	Interna	Mujeres	2009	2
31	Sierra de Albarracín	Externa	Hombres	2009	142
31	Sierra de Albarracín	Externa	Mujeres	2009	106
31	Sierra de Albarracín	Interna	Hombres	2009	16
31	Sierra de Albarracín	Interna	Mujeres	2009	6
32	Gúdar-Javalambre	Externa	Hombres	2009	374
32	Gúdar-Javalambre	Externa	Mujeres	2009	254
32	Gúdar-Javalambre	Interna	Hombres	2009	42
32	Gúdar-Javalambre	Interna	Mujeres	2009	41
33	Matarraña / Matarranya	Externa	Hombres	2009	163
33	Matarraña / Matarranya	Externa	Mujeres	2009	127
33	Matarraña / Matarranya	Interna	Hombres	2009	34
33	Matarraña / Matarranya	Interna	Mujeres	2009	30
01	La Jacetania	Externa	Hombres	2008	399
01	La Jacetania	Externa	Mujeres	2008	412
01	La Jacetania	Interna	Hombres	2008	48
01	La Jacetania	Interna	Mujeres	2008	41
02	Alto Gállego	Externa	Hombres	2008	293
02	Alto Gállego	Externa	Mujeres	2008	269
02	Alto Gállego	Interna	Hombres	2008	44
02	Alto Gállego	Interna	Mujeres	2008	52
03	Sobrarbe	Externa	Hombres	2008	136
03	Sobrarbe	Externa	Mujeres	2008	134
03	Sobrarbe	Interna	Hombres	2008	43
03	Sobrarbe	Interna	Mujeres	2008	35
04	La Ribagorza	Externa	Hombres	2008	320
04	La Ribagorza	Externa	Mujeres	2008	288
04	La Ribagorza	Interna	Hombres	2008	73
04	La Ribagorza	Interna	Mujeres	2008	51
05	Cinco Villas	Externa	Hombres	2008	456
05	Cinco Villas	Externa	Mujeres	2008	420
05	Cinco Villas	Interna	Hombres	2008	47
05	Cinco Villas	Interna	Mujeres	2008	53
06	Hoya de Huesca / Plana de Uesca	Externa	Hombres	2008	952
06	Hoya de Huesca / Plana de Uesca	Externa	Mujeres	2008	781
06	Hoya de Huesca / Plana de Uesca	Interna	Hombres	2008	318
06	Hoya de Huesca / Plana de Uesca	Interna	Mujeres	2008	353
07	Somontano de Barbastro	Externa	Hombres	2008	294
07	Somontano de Barbastro	Externa	Mujeres	2008	276
07	Somontano de Barbastro	Interna	Hombres	2008	71
07	Somontano de Barbastro	Interna	Mujeres	2008	95
08	Cinca Medio	Externa	Hombres	2008	381
08	Cinca Medio	Externa	Mujeres	2008	302
08	Cinca Medio	Interna	Hombres	2008	50
08	Cinca Medio	Interna	Mujeres	2008	37
09	La Litera / La Llitera	Externa	Hombres	2008	396
09	La Litera / La Llitera	Externa	Mujeres	2008	272
09	La Litera / La Llitera	Interna	Hombres	2008	42
09	La Litera / La Llitera	Interna	Mujeres	2008	34
10	Los Monegros	Externa	Hombres	2008	346
10	Los Monegros	Externa	Mujeres	2008	341
10	Los Monegros	Interna	Hombres	2008	55
10	Los Monegros	Interna	Mujeres	2008	50
11	Bajo Cinca / Baix Cinca	Externa	Hombres	2008	350
11	Bajo Cinca / Baix Cinca	Externa	Mujeres	2008	294
11	Bajo Cinca / Baix Cinca	Interna	Hombres	2008	50
11	Bajo Cinca / Baix Cinca	Interna	Mujeres	2008	43
12	Tarazona y el Moncayo	Externa	Hombres	2008	168
12	Tarazona y el Moncayo	Externa	Mujeres	2008	208
12	Tarazona y el Moncayo	Interna	Hombres	2008	45
12	Tarazona y el Moncayo	Interna	Mujeres	2008	37
13	Campo de Borja	Externa	Hombres	2008	291
13	Campo de Borja	Externa	Mujeres	2008	244
13	Campo de Borja	Interna	Hombres	2008	49
13	Campo de Borja	Interna	Mujeres	2008	41
14	Aranda	Externa	Hombres	2008	104
14	Aranda	Externa	Mujeres	2008	109
14	Aranda	Interna	Hombres	2008	14
14	Aranda	Interna	Mujeres	2008	8
15	Ribera Alta del Ebro	Externa	Hombres	2008	380
15	Ribera Alta del Ebro	Externa	Mujeres	2008	406
15	Ribera Alta del Ebro	Interna	Hombres	2008	107
15	Ribera Alta del Ebro	Interna	Mujeres	2008	104
16	Valdejalón	Externa	Hombres	2008	592
16	Valdejalón	Externa	Mujeres	2008	520
16	Valdejalón	Interna	Hombres	2008	129
16	Valdejalón	Interna	Mujeres	2008	114
17	Central	Externa	Hombres	2008	7976
17	Central	Externa	Mujeres	2008	6922
17	Central	Interna	Hombres	2008	2481
17	Central	Interna	Mujeres	2008	2438
18	Ribera Baja del Ebro	Externa	Hombres	2008	116
18	Ribera Baja del Ebro	Externa	Mujeres	2008	115
18	Ribera Baja del Ebro	Interna	Hombres	2008	4
18	Ribera Baja del Ebro	Interna	Mujeres	2008	4
19	Bajo Aragón-Caspe / Baix Aragó-Casp	Externa	Hombres	2008	379
19	Bajo Aragón-Caspe / Baix Aragó-Casp	Externa	Mujeres	2008	220
19	Bajo Aragón-Caspe / Baix Aragó-Casp	Interna	Hombres	2008	15
19	Bajo Aragón-Caspe / Baix Aragó-Casp	Interna	Mujeres	2008	22
20	Comunidad de Calatayud	Externa	Hombres	2008	541
20	Comunidad de Calatayud	Externa	Mujeres	2008	558
20	Comunidad de Calatayud	Interna	Hombres	2008	195
20	Comunidad de Calatayud	Interna	Mujeres	2008	166
21	Campo de Cariñena	Externa	Hombres	2008	229
21	Campo de Cariñena	Externa	Mujeres	2008	162
21	Campo de Cariñena	Interna	Hombres	2008	32
21	Campo de Cariñena	Interna	Mujeres	2008	25
22	Campo de Belchite	Externa	Hombres	2008	104
22	Campo de Belchite	Externa	Mujeres	2008	101
22	Campo de Belchite	Interna	Hombres	2008	8
22	Campo de Belchite	Interna	Mujeres	2008	2
23	Bajo Martín	Externa	Hombres	2008	193
23	Bajo Martín	Externa	Mujeres	2008	132
23	Bajo Martín	Interna	Hombres	2008	11
23	Bajo Martín	Interna	Mujeres	2008	10
24	Campo de Daroca	Externa	Hombres	2008	152
24	Campo de Daroca	Externa	Mujeres	2008	148
24	Campo de Daroca	Interna	Hombres	2008	11
24	Campo de Daroca	Interna	Mujeres	2008	15
25	Jiloca	Externa	Hombres	2008	386
25	Jiloca	Externa	Mujeres	2008	281
25	Jiloca	Interna	Hombres	2008	104
25	Jiloca	Interna	Mujeres	2008	71
26	Cuencas Mineras	Externa	Hombres	2008	270
26	Cuencas Mineras	Externa	Mujeres	2008	187
26	Cuencas Mineras	Interna	Hombres	2008	41
26	Cuencas Mineras	Interna	Mujeres	2008	20
27	Andorra-Sierra de Arcos	Externa	Hombres	2008	209
27	Andorra-Sierra de Arcos	Externa	Mujeres	2008	165
27	Andorra-Sierra de Arcos	Interna	Hombres	2008	10
27	Andorra-Sierra de Arcos	Interna	Mujeres	2008	16
28	Bajo Aragón	Externa	Hombres	2008	562
28	Bajo Aragón	Externa	Mujeres	2008	471
28	Bajo Aragón	Interna	Hombres	2008	81
28	Bajo Aragón	Interna	Mujeres	2008	57
29	Comunidad de Teruel	Externa	Hombres	2008	769
29	Comunidad de Teruel	Externa	Mujeres	2008	622
29	Comunidad de Teruel	Interna	Hombres	2008	234
29	Comunidad de Teruel	Interna	Mujeres	2008	199
30	Maestrazgo	Externa	Hombres	2008	124
30	Maestrazgo	Externa	Mujeres	2008	90
30	Maestrazgo	Interna	Hombres	2008	10
30	Maestrazgo	Interna	Mujeres	2008	6
31	Sierra de Albarracín	Externa	Hombres	2008	151
31	Sierra de Albarracín	Externa	Mujeres	2008	119
31	Sierra de Albarracín	Interna	Hombres	2008	10
31	Sierra de Albarracín	Interna	Mujeres	2008	5
32	Gúdar-Javalambre	Externa	Hombres	2008	332
32	Gúdar-Javalambre	Externa	Mujeres	2008	209
32	Gúdar-Javalambre	Interna	Hombres	2008	44
32	Gúdar-Javalambre	Interna	Mujeres	2008	32
33	Matarraña / Matarranya	Externa	Hombres	2008	189
33	Matarraña / Matarranya	Externa	Mujeres	2008	130
33	Matarraña / Matarranya	Interna	Hombres	2008	24
33	Matarraña / Matarranya	Interna	Mujeres	2008	21